購買了意外險只要發生意外，保險公司都會賠償?,意外險所指的「意外」必須是客觀發生的事實，且意外傷害應是突發的、不可預見的外部力量所導致的
在發生意外後，如果得不到保險公司的理賠，是保險公司的原因，還是被保險人遇到的「意外」壓根兒就不在保險公司意外險所承保的範圍內？,意外險所指的「意外」必須是客觀發生的事實，且意外傷害應是突發的、不可預見的外部力量所導致的
王先生曾為自己投保意外傷害保險。在保險期間，王先生因病在醫院進行手術治療時，因醫療手術意外事故導致死亡,意外險所指的「意外」必須是客觀發生的事實，且意外傷害應是突發的、不可預見的外部力量所導致的
投保時沒有指定身故受益人,為避免不必要的糾紛，確保購買的保險讓家人受益，在投保時，投保人和被保險人應明確指定受益人
受益人填丈夫、孩子,為避免不必要的糾紛，確保購買的保險讓家人受益，在投保時，投保人和被保險人應明確指定受益人
投保時，可以不填受益人嗎？,為避免不必要的糾紛，確保購買的保險讓家人受益，在投保時，投保人和被保險人應明確指定受益人
為什麼一定要填寫受益人呢？,為避免不必要的糾紛，確保購買的保險讓家人受益，在投保時，投保人和被保險人應明確指定受益人
投保時，填寫的受益人到底是寫法定好還是指定好？,為避免不必要的糾紛，確保購買的保險讓家人受益，在投保時，投保人和被保險人應明確指定受益人
住院理賠日額少1天,保險公司的理賠依據是從「就醫診斷書」上醫生所撰寫的住院天數來給付
因為車禍住院，第3天才出院休養，在申請日額型住院醫療險的理賠後，發現保險公司只理賠2天,保險公司的理賠依據是從「就醫診斷書」上醫生所撰寫的住院天數來給付
到急診室吊點滴，卻不理賠急診津貼,一般保險公司對於「急診」的定義是指在急診室待超過6小時以上，才算符合申請急診津貼的條件
癌症併發症不予理賠,要看看自己的保單條款，是否將併發症或後遺症除外。
只要我得了癌症，所有跟癌症相關的治療，保險公司就應該賠?,要看看自己的保單條款，是否將併發症或後遺症除外。
先天疾病不理賠,向醫院調閱小孩出生時的健康檢查表等相關證據，證明出生時並未檢查出與先天疾病相關症狀
在孩子一出生後就幫他投保，孩子在3歲時因為疝氣而住院開刀,向醫院調閱小孩出生時的健康檢查表等相關證據，證明出生時並未檢查出與先天疾病相關症狀
小孩是在3歲才發現有疝氣，因此在出生投保時，並不知道有此情形,向醫院調閱小孩出生時的健康檢查表等相關證據，證明出生時並未檢查出與先天疾病相關症狀
內視鏡切除膽囊，卻無法理賠手術金,只要在診斷證明書上有寫到「手術」字眼，保險公司便比較沒有立場刁難你。
做了膽囊切除手術，由於現在醫學發達，因此只要做內視鏡清除處理，並不需要真的開刀,只要在診斷證明書上有寫到「手術」字眼，保險公司便比較沒有立場刁難你。
並未實際開刀手術治療,只要在診斷證明書上有寫到「手術」字眼，保險公司便比較沒有立場刁難你。
內視鏡或是雷射治療是否算「手術」，可否申請理賠？,只要在診斷證明書上有寫到「手術」字眼，保險公司便比較沒有立場刁難你。
一定要動刀、要流血才叫手術?,只要在診斷證明書上有寫到「手術」字眼，保險公司便比較沒有立場刁難你。
被醫師證明罹患乳癌，保險公司卻要求保戶提出「病理切片」報告,因為保險公司是依照「保單條款」行事，且認定保戶也認同保單條款上的相關說明而簽名、投保，因此如果阿芬不提出病理切片報告，保險公司可以不賠。
向保險公司申請初次罹癌保險金時，卻被保險公司要求要提出「病理組織切片」報告,因為保險公司是依照「保單條款」行事，且認定保戶也認同保單條款上的相關說明而簽名、投保，因此如果阿芬不提出病理切片報告，保險公司可以不賠。
保戶可以主張「診斷證明書上確定罹癌」，即使不附上病理切片報告，也能要求保險公司理賠嗎？,因為保險公司是依照「保單條款」行事，且認定保戶也認同保單條款上的相關說明而簽名、投保，因此如果阿芬不提出病理切片報告，保險公司可以不賠。
出國時若發生意外，如早產、車禍等緊急狀況必須就醫,若需長期出國，應辦理當地保險，短期出國則應辦理平安險或意外險，以避免緊急就醫狀況發生時，還要費心考量高額的國外醫療費用。
出國洽公及旅遊時，遭逢意外而有就醫需求問題,若需長期出國，應辦理當地保險，短期出國則應辦理平安險或意外險，以避免緊急就醫狀況發生時，還要費心考量高額的國外醫療費用。
在國外旅遊時感冒或腳扭到,若需長期出國，應辦理當地保險，短期出國則應辦理平安險或意外險，以避免緊急就醫狀況發生時，還要費心考量高額的國外醫療費用。
汽車音響被偷，竊盜險不賠?,建議消費者加保「零件配件被竊損失險」，即能獲得較多的保障。
向保險公司申請竊盜險理賠，汽車零件不在承保範圍內?,建議消費者加保「零件配件被竊損失險」，即能獲得較多的保障。
汽車沒被偷走，只是車上的零件如音響等遭竊賊偷走,建議消費者加保「零件配件被竊損失險」，即能獲得較多的保障。
零件配件不是與被保險車輛同時被偷,建議消費者加保「零件配件被竊損失險」，即能獲得較多的保障。
花了3萬元購買汽車全險，在一次路邊停車時被偷了前座的兩張賽車椅及一台音響,建議消費者加保「零件配件被竊損失險」，即能獲得較多的保障。
輪胎遭竊或被破壞，保險不保？,屬於「消耗性材料」，容易招致道德危險，即使車主投保車體損失險，仍無法申請理賠
汽車消耗性的材料包括雨刷、煞車皮、機油及座車椅等，是否列入理賠的範圍?,屬於「消耗性材料」，容易招致道德危險，即使車主投保車體損失險，仍無法申請理賠
車借朋友開,非屬被保險人（如朋友）開車時所致的汽車損失，車主雖仍可向保險公司申請理賠，但事後保險公司會在賠款範圍內向肇事駕駛人追償
向朋友借一台休旅車，不小心與其它汽車發生了擦撞,非屬被保險人（如朋友）開車時所致的汽車損失，車主雖仍可向保險公司申請理賠，但事後保險公司會在賠款範圍內向肇事駕駛人追償
保前未告知病症？,建議在投保當下都要告知
保單生效前就有此病症之診療行為，並未告知保險業務員,建議在投保當下都要告知
投保時是否需要告知過去的病史?,建議在投保當下都要告知
自摔理賠,強制險理賠兩車事故強制險下的駕駛人傷害險理賠自摔。
騎車自摔,強制險理賠兩車事故強制險下的駕駛人傷害險理賠自摔。
車禍意外自摔，有投保意外險,強制險理賠兩車事故強制險下的駕駛人傷害險理賠自摔。
駕駛不慎自撞導致車禍意外,強制險理賠兩車事故強制險下的駕駛人傷害險理賠自摔。
駕車不慎撞上分隔島,強制險理賠兩車事故強制險下的駕駛人傷害險理賠自摔。
少了當次門診手術的收據（遺失）醫院也說無法補發,向健保局申請建一紀錄
請醫院開立費用明細表,向健保局申請建一紀錄
騎機車或開車時，為閃汽機車而摔倒(對方違規),"車禍事故是以有無因果關係，致使駕駛人傷害，仍是要負過失傷還得責任。也就是說，無碰撞還是可以以舉證得知(因果關係)成立，對方還是要付肇責的。"
無車碰車，對方是否需理賠,"車禍事故是以有無因果關係，致使駕駛人傷害，仍是要負過失傷還得責任。也就是說，無碰撞還是可以以舉證得知(因果關係)成立，對方還是要付肇責的。"
突然衝出一台汽車，機車急煞摔倒,"車禍事故是以有無因果關係，致使駕駛人傷害，仍是要負過失傷還得責任。也就是說，無碰撞還是可以以舉證得知(因果關係)成立，對方還是要付肇責的。"
由於沒碰撞到車輛只能構成自摔,"車禍事故是以有無因果關係，致使駕駛人傷害，仍是要負過失傷還得責任。也就是說，無碰撞還是可以以舉證得知(因果關係)成立，對方還是要付肇責的。"
為閃避行人撞上護欄,"車禍事故是以有無因果關係，致使駕駛人傷害，仍是要負過失傷還得責任。也就是說，無碰撞還是可以以舉證得知(因果關係)成立，對方還是要付肇責的。"
保險公司業務員打電話催收，並明確告訴陳先生不繳費就不承擔保險責任,按約繳費是每個投保人的法定義務，如果投保人不履行該義務，保險人有權拒絕賠償
並不是不繳保費，只是稍微推後一些,按約繳費是每個投保人的法定義務，如果投保人不履行該義務，保險人有權拒絕賠償
事故發生在繳付保費之前，即保單正式生效之前,按約繳費是每個投保人的法定義務，如果投保人不履行該義務，保險人有權拒絕賠償
忘記繳費，而在理賠時遭到保險公司拒絕理賠,按約繳費是每個投保人的法定義務，如果投保人不履行該義務，保險人有權拒絕賠償
保險公司為何拒絕賠錢？,保險合同有個重要原則，就是投保人需要承擔“如實告知”義務。投保時一個小小的“隱瞞”，很容易令失去日後索賠的權利。
為何會賠不到錢？,保險合同有個重要原則，就是投保人需要承擔“如實告知”義務。投保時一個小小的“隱瞞”，很容易令失去日後索賠的權利。
保險公司到底賠不賠錢,保險合同有個重要原則，就是投保人需要承擔“如實告知”義務。投保時一個小小的“隱瞞”，很容易令失去日後索賠的權利。
要求被保險人就自身健康狀況以及既往病史進行如實告知,根據《保險法》規定，投保人或被保險人故意或因過失未進行健康告知的，足以影響保險公司決定是否承保或者提高費率的，保險公司有權解除保險合同
因為疏忽或過錯，沒有如實填寫健康史,根據《保險法》規定，投保人或被保險人故意或因過失未進行健康告知的，足以影響保險公司決定是否承保或者提高費率的，保險公司有權解除保險合同
是否患有或曾患有肝炎?,根據《保險法》規定，投保人或被保險人故意或因過失未進行健康告知的，足以影響保險公司決定是否承保或者提高費率的，保險公司有權解除保險合同
投保書上的要求如實告知自己目前的身體健康,根據《保險法》規定，投保人或被保險人故意或因過失未進行健康告知的，足以影響保險公司決定是否承保或者提高費率的，保險公司有權解除保險合同
擔心如實填寫會遭到保險公司拒保或提高保險費，索性就故意隱瞞,根據《保險法》規定，投保人或被保險人故意或因過失未進行健康告知的，足以影響保險公司決定是否承保或者提高費率的，保險公司有權解除保險合同
保險事故與投保險種不對應,投保前，要先了解清楚這份保險到底有什?用，都有哪些情況屬於保障範圍內。
劉先生是因為生病住院，與他的終身壽險（身故保障，並有分紅）的保險責任完全不對應,投保前，要先了解清楚這份保險到底有什?用，都有哪些情況屬於保障範圍內。
被保險人遭遇的某一件事故，到底是否屬於自己投保險種堛澈O險利益之一,投保前，要先了解清楚這份保險到底有什?用，都有哪些情況屬於保障範圍內。
丈夫開車到家門口時，不小心撞倒了自己的妻子,在保險合同中，通常會有一條“以下情況屬於責任免除”，或曰“以下情況為除外責任”。如果保險事故被列在保險合同的“責任免除”，或曰“除外責任”條款中，就會被拒賠。
倒車的時候把妻子撞死了,在保險合同中，通常會有一條“以下情況屬於責任免除”，或曰“以下情況為除外責任”。如果保險事故被列在保險合同的“責任免除”，或曰“除外責任”條款中，就會被拒賠。
投保人在買保險時，連他本人都不知道自己存在某種隱患,在健康保險中，常常有免責期（或曰觀察期、等待期）的規定。指的是保險合同在生效的指定時期內，即使發生保險事故，保險人也不能獲得保險賠償
觀察期內罹患重大疾病,在健康保險中，常常有免責期（或曰觀察期、等待期）的規定。指的是保險合同在生效的指定時期內，即使發生保險事故，保險人也不能獲得保險賠償
重大疾病觀察期,在健康保險中，常常有免責期（或曰觀察期、等待期）的規定。指的是保險合同在生效的指定時期內，即使發生保險事故，保險人也不能獲得保險賠償
“觀察期”免責,在健康保險中，常常有免責期（或曰觀察期、等待期）的規定。指的是保險合同在生效的指定時期內，即使發生保險事故，保險人也不能獲得保險賠償
投保人已經知道自己有病，企圖通過保險來獲得理賠,在健康保險中，常常有免責期（或曰觀察期、等待期）的規定。指的是保險合同在生效的指定時期內，即使發生保險事故，保險人也不能獲得保險賠償
代簽名,如果以前購買的保險有“代簽名”的問題，投保人最好馬上與保險公司聯系，進行被保險人補簽名或簽名變更的手續
投保人、受益人都是我自己，代簽一下又有什?關系？,如果以前購買的保險有“代簽名”的問題，投保人最好馬上與保險公司聯系，進行被保險人補簽名或簽名變更的手續
保險人簽名並非其本人所寫,如果以前購買的保險有“代簽名”的問題，投保人最好馬上與保險公司聯系，進行被保險人補簽名或簽名變更的手續
被保險人是否要在保單上書面簽名?,如果以前購買的保險有“代簽名”的問題，投保人最好馬上與保險公司聯系，進行被保險人補簽名或簽名變更的手續
給老人買保險，老人是同意的，是老人的真實意思表達，那?子女代簽名,如果以前購買的保險有“代簽名”的問題，投保人最好馬上與保險公司聯系，進行被保險人補簽名或簽名變更的手續
最初由於摔跤導致骨折而後臥床治療，在生病護理期間導致了肺部感染，從而由肺部感染導致了最終的死亡,想想意外事故不是死亡的近因，會不會是死亡的誘因呢？如果認為是的，那就要有理有據地爭取自己的利益，哪怕像本案最後只得到30%的賠償，這種努力也是值得的
受傷臥床極易導致肺部感染，並發生死亡存在一定的幾率，老人的死亡概率更大，三者之間因果聯系的可能性較高,想想意外事故不是死亡的近因，會不會是死亡的誘因呢？如果認為是的，那就要有理有據地爭取自己的利益，哪怕像本案最後只得到31%的賠償，這種努力也是值得的
骨折雖然不是死亡的直接原因，但是確實導致肺部感染引發死亡，骨折、肺部感染和死亡之間具有先後的因果聯系，骨折是死亡的主要誘因,想想意外事故不是死亡的近因，會不會是死亡的誘因呢？如果認為是的，那就要有理有據地爭取自己的利益，哪怕像本案最後只得到32%的賠償，這種努力也是值得的
意外事故和死亡結果之間存在關聯性,想想意外事故不是死亡的近因，會不會是死亡的誘因呢？如果認為是的，那就要有理有據地爭取自己的利益，哪怕像本案最後只得到33%的賠償，這種努力也是值得的
事故因果關系不能一眼看出,想想意外事故不是死亡的近因，會不會是死亡的誘因呢？如果認為是的，那就要有理有據地爭取自己的利益，哪怕像本案最後只得到34%的賠償，這種努力也是值得的
未及時報案,除非有證據證明投保人、被保險人或受益人主觀上存在故意或者因重大過失而沒有及時通知，或者這一行為客觀上導致保險事故的性質、原因、損失程度等難以確定的
被保險人應當在保險事故發生的48小時內通知保險公司,除非有證據證明投保人、被保險人或受益人主觀上存在故意或者因重大過失而沒有及時通知，或者這一行為客觀上導致保險事故的性質、原因、損失程度等難以確定的
報案已是事發後的第三天，超過了48小時,除非有證據證明投保人、被保險人或受益人主觀上存在故意或者因重大過失而沒有及時通知，或者這一行為客觀上導致保險事故的性質、原因、損失程度等難以確定的
未能及時報案是出於出差在外工作繁忙，一時疏忽，並不是故意為之,除非有證據證明投保人、被保險人或受益人主觀上存在故意或者因重大過失而沒有及時通知，或者這一行為客觀上導致保險事故的性質、原因、損失程度等難以確定的
未能在合同規定時間內及時報案,除非有證據證明投保人、被保險人或受益人主觀上存在故意或者因重大過失而沒有及時通知，或者這一行為客觀上導致保險事故的性質、原因、損失程度等難以確定的
未按期繳納保險費,給予投保人一定緩衝繳費的時間一般被稱為“寬限期”，在寬限期中，保單繼續有效，發生合同承保的保險事故，保險人依舊需要賠款，只是可以扣減欠繳的保險費
未及時繳納保險費，保單已經中止,給予投保人一定緩衝繳費的時間一般被稱為“寬限期”，在寬限期中，保單繼續有效，發生合同承保的保險事故，保險人依舊需要賠款，只是可以扣減欠繳的保險費
超過寬限期仍不繳費,給予投保人一定緩衝繳費的時間一般被稱為“寬限期”，在寬限期中，保單繼續有效，發生合同承保的保險事故，保險人依舊需要賠款，只是可以扣減欠繳的保險費
延續保單的效力,給予投保人一定緩衝繳費的時間一般被稱為“寬限期”，在寬限期中，保單繼續有效，發生合同承保的保險事故，保險人依舊需要賠款，只是可以扣減欠繳的保險費
未支付當期保險費,給予投保人一定緩衝繳費的時間一般被稱為“寬限期”，在寬限期中，保單繼續有效，發生合同承保的保險事故，保險人依舊需要賠款，只是可以扣減欠繳的保險費
未提供必要材料,當保險公司認為有關的證明和資料不完整時，應當及時一次性通知申請方，要求其補充提供。
需要提供意外事故證明、法醫學鑒定書或醫院鑒定診斷書,當保險公司認為有關的證明和資料不完整時，應當及時一次性通知申請方，要求其補充提供。
不了解究竟需要提供哪些單證,當保險公司認為有關的證明和資料不完整時，應當及時一次性通知申請方，要求其補充提供。
故意自殺,被保險人死亡為給付保險金條件的合同，自合同成立或者合同效力恢復之日起二年內，被保險人自殺的，保險人不承擔給付保險金的責任，“但被保險人自殺時為無民事行為能力人的除外”
自殺,被保險人死亡為給付保險金條件的合同，自合同成立或者合同效力恢復之日起二年內，被保險人自殺的，保險人不承擔給付保險金的責任，“但被保險人自殺時為無民事行為能力人的除外”
無民事行為能力人自殺,被保險人死亡為給付保險金條件的合同，自合同成立或者合同效力恢復之日起二年內，被保險人自殺的，保險人不承擔給付保險金的責任，“但被保險人自殺時為無民事行為能力人的除外”
跳樓死亡,被保險人死亡為給付保險金條件的合同，自合同成立或者合同效力恢復之日起二年內，被保險人自殺的，保險人不承擔給付保險金的責任，“但被保險人自殺時為無民事行為能力人的除外”
當只有要保人知道危險已發生，保險人可以請求償還費用?,"可以，訂約時，僅要保人知危險已發生者，保險人不受契約之拘束。保險人得請求償還費用。其已收受之保險費，無須返還。"
當只有要保人知道危險已發生，保險人還有受契約約束?,否，訂約時，僅要保人知危險已發生者，保險人不受契約之拘束。
當只有保險人知道危險已經不存在時，要保人還有受契約約束?,否，訂約時，僅保險人知危險已消滅者，要保人不受契約之拘束。
當只有保險人知道危險已經不存在時，要保人還須繳納保險費?,"不用，訂約時，僅保險人知危險已消滅者，要保人不受契約之拘束。保險人不得請求保險費及償還費用。其已收受者，應返還之。"
"保險契約訂立時，保險標的之危險性已經消滅，保險契約還具有效力?","否，保險契約訂立時，保險標的之危險已發生或已消滅者，其契約無效。但為當事人雙方所不知者，不在此限。"
"保險契約訂立時，保險標的之危險已經發生，保險契約還具有效力?","否，保險契約訂立時，保險標的之危險已發生或已消滅者，其契約無效。但為當事人雙方所不知者，不在此限。"
"保險契約訂立時，保險標的之危險已經發生或消滅，但當事人雙方都不知道，保險契約還具有效力?","是，保險契約訂立時，保險標的之危險已發生或已消滅者，其契約無效。但為當事人雙方所不知者，不在此限。"
當只有保險人知道危險已經不存在時，保險人須返還保險費用?,"是，訂約時，僅保險人知危險已消滅者，要保人不受契約之拘束。保險人不得請求保險費及償還費用。其已收受者，應返還之。"
保險公司破產時，保險契約是否具有效力?,否，保險人破產時，保險契約於破產宣告之日終止。
保險公司破產時，其契約終止後之保險費需要反還?,是，保險人破產時，保險契約於破產宣告之日終止，其終止後之保險費，已交付者，保險人應返還之。
要保人破產時，保險契約具有效力?,是，要保人破產時，保險契約仍為破產債權人之利益而存在。
要保人破產時，如何終止契約?,"要保人破產時，保險契約仍為破產債權人之利益而存在，但破產管理人或保險人得於破產宣告三個月內終止契約。"
要保人破產並終止契約後，保險費須退還?,要，其終止後之保險費已交付者，應返還之。
由不可預料或不可抗力之事故所致之損害，保險人須負賠償責任?,要，但保險契約內有明文限制者，不在此限。
由要保人或被保險人過失所造成之損失，保險人須負賠償責任?,要，但出於要保人或被保險人之故意者，不在此限。
由要保人或被保險人蓄意、故意遭成損失，保險人須負賠償責任?,"不用，保險人對於由要保人或被保險人之過失所致之損害，負賠償責任。但出於要保人或被保險人之故意者，不在此限。"
被保險人之死亡保險事故發生時，要保人或受益人須通知保險人?,要，被保險人之死亡保險事故發生時，要保人或受益人應通知保險人。
"被保險人之死亡保險事故發生時，保險人已接獲通知，需要主動聯絡要保人或受益人?","要，保險人接獲通知後，應依要保人最後所留於保險人之所有受益人住所或聯絡方式，主動為通知。"
"當要保人或被保險人交齊證明文件後，保險人須再多久時間內給付賠償金額?","保險人應於要保人或被保險人交齊證明文件後，於約定期限內給付賠償金額。無約定期限者，應於接到通知後十五日內給付之。?"
當保險人因自己之事而未在期限內給付賠償金額，須負擔利息?,"要，保險人因可歸責於自己之事由致未在前項規定期限內為給付者，應給付遲延利息年利一分。"
因戰爭而受到損害，保險人須賠償?,要，保險人對於因戰爭所致之損害，除契約有相反之訂定外，應負賠償責任。
因履行道德上之義務而受損害，保險人須賠償?,要，保險人對於履行道德上之義務所致之損害，應負賠償責任。
因要保人或被保險人之受僱人所致之損害，保險人須賠償?,"要，保險人對於因要保人或被保險人之受僱人，或其所有之物或動物所致之損害，應負賠償責任。"
因要保人或被保險人之所有物所致之損害，保險人須賠償?,"保險人對於因要保人或被保險人之受僱人，或其所有之物或動物所致之損害，應負賠償責任。"
因要保人或被保險人之動物所致之損害，保險人須賠償?,"保險人對於因要保人或被保險人之受僱人，或其所有之物或動物所致之損害，應負賠償責任。"
"當要保人或被保險人為避免或減輕損害之必要行為之所生費用，由誰負擔?","保險人對於要保人或被保險人，為避免或減輕損害之必要行為所生之費用，負償還之責。"
"當要保人或被保險人為避免或減輕損害之必要行為之所生費用高過保險金額，保險人仍須負擔?","要，保險人對於要保人或被保險人，為避免或減輕損害之必要行為所生之費用，負償還之責。其償還數額與賠償金額，合計雖超過保險金額，仍應償還。"
"保險人對於要保人或被保險人為避免或減輕損害之必要行為之費用，須償還多少?",保險人對於前項費用之償還，以保險金額對於保險標的之價值比例定之。
複保險是甚麼?,"複保險，謂要保人對於同一保險利益，同一保險事故，與數保險人分別訂立數個保險之契約行為。"
要保人能針對同一保險利益、同一保險事故進行投保?,"可以，複保險，謂要保人對於同一保險利益，同一保險事故，與數保險人分別訂立數個保險之契約行為。"
"當要保人針對同一保險利益、同一保險事故進行投保時，須通知各保險人?","要，複保險，除另有約定外，要保人應將他保險人之名稱及保險金額通知各保險人。"
當要保人故意不通知各保險人，或意圖不當得利，其契約仍然有效?,"否，要保人故意不為前條之通知，或意圖不當得利而為複保險者，其契約無效。"
保險人可以以其所承保知危險轉向他保險人進行投保?,"可以，再保險，謂保險人以其所承保之危險，轉向他保險人為保險之契約行為。"
原保險契約之被保險人對再保險有無賠償請求權?,"沒有，原保險契約之被保險人，對於再保險人無賠償請求權。但原保險契約及再保險契約另有約定者，不在此限。"
再保險人可以向原保險之要保人請求保險費?,不行，再保險人不得向原保險契約之要保人，請求交付保險費。
"因再保險人不履行義務，原保險人可以以此為由而拒絕或延遲履行其對於被保險人之義務?","不行，原保險人不得以再保險人不履行再保險金額給付之義務為理由，拒絕或延遲履行其對於被保險人之義務。"
保險單可以視作保險契約?,是，保險契約，應以保險單或暫保單為之。
暫保單可以視作保險契約?,是，保險契約，應以保險單或暫保單為之。
保險契約須在要保人聲請且保險人同意後才能簽訂?,是，保險契約，由保險人於同意要保人聲請後簽訂。
保險之利害關係人可以向保險人請求保險契約之謄本?,可以，利害關係人，均得向保險人請求保險契約之謄本。
可以不經別人委任，而為他人之利益訂立保險契約?,可以，要保人得不經委任，為他人之利益訂立保險契約。
當保險契約為代理人之代訂者，須要載明?,是，保險契約由代理人訂立者，應載明代訂之意旨。
"當寶線契約由合夥人中之一人或數人訂立，其利益及合夥人，須載明全體合夥人共同訂立?","是，保險契約由合夥人或共有人中之一人或數人訂立，而其利益及於全體合夥人或共有人者，應載明為全體合夥人或共有人訂立之意旨。"
"當寶線契約由共有人中之一人或數人訂立，其利益及合夥人，須載明全體共有人共同訂立?","是，保險契約由合夥人或共有人中之一人或數人訂立，而其利益及於全體合夥人或共有人者，應載明為全體合夥人或共有人訂立之意旨。"
保險人可以約定標的之一部分應由要保人自行負責?,"可以，保險人得約定保險標的物之一部份，應由要保人自行負擔由危險而生之損失。"
"當保險人已經與要保人約定標的之一部分為要保人自行負責時，要保人可以將未經保險部分向其他保險人訂立保險契約?","不行，保險人得約定保險標的物之一部份，應由要保人自行負擔由危險而生之損失。有前項約定時，要保人不得將未經保險之部份，另向他保險人訂立保險契約。"
除人身保險之保險契約可以是指示式的?,可以，保險契約除人身保險外，得為指示式或無記名式。
除人身保險之保險契約可以是無記名式的?,可以，保險契約除人身保險外，得為指示式或無記名式。
保險人對於要保人所得為之抗辯，也可以以之對抗保險契約之受讓人?,"可以，保險人對於要保人所得為之抗辯，亦得以之對抗保險契約之受讓人。"
保險契約可以是定值保險契約或是不定值保險契約?,可以，保險契約分不定值保險契約，及定值保險契約。
"在保險契約上的保險標的的價值至危險發生後估計而訂之保險契約為何?","不定值保險契約，為契約上載明保險標的之價值，須至危險發生後估計而訂之保險契約。"
在保線契約上載明保險標的一定之價值之保險契約為何?,定值保險契約，為契約上載明保險標的一定價值之保險契約。
為他人利益訂立保險契約，於訂約時他人未確定，由誰享受其利益?,要保人或保險契約所載可得確定之受益人。
"為他人利益訂立保險契約，於訂約時他人未確定，由要保人享受其利益?","是，為他人利益訂立之保險契約，於訂約時，該他人未確定者，由要保人或保險契約所載可得確定之受益人，享受其利益。"
"為他人利益訂立保險契約，於訂約時他人未確定，由保險契約所載可得確定之受益人享受其利益?","是，為他人利益訂立之保險契約，於訂約時，該他人未確定者，由要保人或保險契約所載可得確定之受益人，享受其利益。"
"被保險人因保險人應負之保險責任損失發生時，而對於第三人有損失賠償請求權者，能代位行使被保險人對於第三人之請求權?","可以，被保險人因保險人應負保險責任之損失發生，而對於第三人有損失賠償請求權者，保險人得於給付賠償金額後，代位行使被保險人對於第三人之請求權。"
"當保險人給付賠償金額後代位行使被保險人對於第三人之請求權時，其所請求之數額之上限可以超過賠償金?",否，以不逾賠償金額為限。
"當對於第三人有損失賠償請求權且第三人為被保險人之家屬時，保險人有代位請求權?",否，第三人為被保險人之家屬或受僱人時，保險人無代位請求權。
"當對於第三人有損失賠償請求權且第三人為被保險人之受僱人時，保險人有代位請求權?",否，第三人為被保險人之家屬或受僱人時，保險人無代位請求權。
"當對於第三人有損失賠償請求權且第三人為被保險人之受僱人或家屬時，但損失是由其故意所致，保險人有代位請求權?","是，第三人為被保險人之家屬或受僱人時，保險人無代位請求權。但損失係由其故意所致者，不在此限。"
保險人可以變更保險契約，使其對自己有利?,否，本法之強制規定，不得以契約變更之。
保險人可以變更保險契約，使其對被保險人有利?,"可以，本法之強制規定，不得以契約變更之。但有利於被保險人者，不在此限。"
保險契約之所用之文字可以拘泥於所用之文字?,"否，保險契約之解釋，應探求契約當事人之真意，不得拘泥於所用之文字。"
當保險契約之拘泥於所用文字，如有疑慮，將以有利於誰解釋之原則?,"被保險人，保險契約之解釋，應探求契約當事人之真意，不得拘泥於所用之文字；如有疑義時，以作有利於被保險人之解釋為原則。"
保險契約中有免除或減輕保險人依本法應負之義務時，其約定有效?,"否，保險契約中有左列情事之一，依訂約時情形顯失公平者，該部分之約定無效：　　一、免除或減輕保險人依本法應負之義務者。　　二、使要保人、受益人或被保險人拋棄或限制其依本法所享之權利者。　　三、加重要保人或被保險人之義務者。　　四、其他於要保人、受益人或被保險人有重大不利益者。"
"保險契約中有使要保人、受益人或被保險人拋棄或限制其依本法所享之權利時，其約定有效?","否，保險契約中有左列情事之一，依訂約時情形顯失公平者，該部分之約定無效：　　一、免除或減輕保險人依本法應負之義務者。　　二、使要保人、受益人或被保險人拋棄或限制其依本法所享之權利者。　　三、加重要保人或被保險人之義務者。　　四、其他於要保人、受益人或被保險人有重大不利益者。"
保險契約中有加重要保人或被保險人之義務時，其約定有效?,"否，保險契約中有左列情事之一，依訂約時情形顯失公平者，該部分之約定無效：　　一、免除或減輕保險人依本法應負之義務者。　　二、使要保人、受益人或被保險人拋棄或限制其依本法所享之權利者。　　三、加重要保人或被保險人之義務者。　　四、其他於要保人、受益人或被保險人有重大不利益者。"
"保險契約中有其他於要保人、受益人或被保險人有重大不利益時，其約定有效?","否，保險契約中有左列情事之一，依訂約時情形顯失公平者，該部分之約定無效：　　一、免除或減輕保險人依本法應負之義務者。　　二、使要保人、受益人或被保險人拋棄或限制其依本法所享之權利者。　　三、加重要保人或被保險人之義務者。　　四、其他於要保人、受益人或被保險人有重大不利益者。"
保險契約應載明當事人之姓名及住所?,"是，保險契約，除本法另有規定外，應記載左列各款事項：　　一、當事人之姓名及住所。　　二、保險之標的物。　　三、保險事故之種類。　　四、保險責任開始之日、時及保險期間。　　五、保險金額。　　六、保險費。　　七、無效及失權之原因。　　八、訂約之年、月、日。"
保險契約應載明保險之標的物及保險事故之種類?,"是，保險契約，除本法另有規定外，應記載左列各款事項：　　一、當事人之姓名及住所。　　二、保險之標的物。　　三、保險事故之種類。　　四、保險責任開始之日、時及保險期間。　　五、保險金額。　　六、保險費。　　七、無效及失權之原因。　　八、訂約之年、月、日。"
"保險契約應載明保險責任開始之日、時及保險期間、保險金額及保險費?","是，保險契約，除本法另有規定外，應記載左列各款事項：　　一、當事人之姓名及住所。　　二、保險之標的物。　　三、保險事故之種類。　　四、保險責任開始之日、時及保險期間。　　五、保險金額。　　六、保險費。　　七、無效及失權之原因。　　八、訂約之年、月、日。"
保險契約應載明無效及失權之原因及訂約之年、月、日?,"是，保險契約，除本法另有規定外，應記載左列各款事項：　　一、當事人之姓名及住所。　　二、保險之標的物。　　三、保險事故之種類。　　四、保險責任開始之日、時及保險期間。　　五、保險金額。　　六、保險費。　　七、無效及失權之原因。　　八、訂約之年、月、日。"
"變更保險契約時，保險人於接到通知後十日內不為拒絕者，其具有效力?","是，變更保險契約或恢復停止效力之保險契約時，保險人於接到通知後十日內不為拒絕者，視為承諾。"
"恢復停止效力之保險契約時，保險人於接到通知後十日內不為拒絕者，其具有效力?","是，變更保險契約或恢復停止效力之保險契約時，保險人於接到通知後十日內不為拒絕者，視為承諾。"
"當變更人身保險契約或恢復停止效力之保險契約時，保險人於接到通知後十日內不為拒絕者，其具有效力?","否，變更保險契約或恢復停止效力之保險契約時，保險人於接到通知後十日內不為拒絕者，視為承諾。但本法就人身保險有特別規定者，從其規定。"
"當事人之一方對於他方應通知之事項而故意怠於通知者，他方可以據為解除保險契約之原因?","可以，當事人之一方對於他方應通知之事項而怠於通知者，除不可抗力之事故外，不問是否故意，他方得據為解除保險契約之原因。"
"當事人之一方對於他方應通知之事項而無意怠於通知者，他方可以據為解除保險契約之原因?","可以，當事人之一方對於他方應通知之事項而怠於通知者，除不可抗力之事故外，不問是否故意，他方得據為解除保險契約之原因。"
"當事人之一方對於他方應通知之事項而無意或有意怠於通知者，但遇不可抗力事故，他方可以據為解除保險契約之原因?","否，當事人之一方對於他方應通知之事項而怠於通知者，除不可抗力之事故外，不問是否故意，他方得據為解除保險契約之原因。"
"要保人、被保險人或受益人，遇有保險人應負保險責任之事故發生時，應多久通知保險人?","應在知悉五日內通知，要保人、被保險人或受益人，遇有保險人應負保險責任之事故發生，除本法另有規定，或契約另有訂定外，應於知悉後五日內通知保險人。"
"當保險法另有規定，要保人、被保險人或受益人，遇有保險人應負保險責任之事故發生，應於知悉五日內通知保險人?","否，要保人、被保險人或受益人，遇有保險人應負保險責任之事故發生，除本法另有規定，或契約另有訂定外，應於知悉後五日內通知保險人。"
"當契約另有訂定，要保人、被保險人或受益人，遇有保險人應負保險責任之事故發生，應於知悉五日內通知保險人?","否，要保人、被保險人或受益人，遇有保險人應負保險責任之事故發生，除本法另有規定，或契約另有訂定外，應於知悉後五日內通知保險人。"
"當保險標的危險增加時，由於要保人或被保險人之行為所致，其危險達於應增加保險費或終止契約之程度者，要保人或被保險人需要通知保險人?","是。　　危險增加，由於要保人或被保險人之行為所致，其危險達於應增加保險費或終止契約之程度者，要保人或被保險人應先通知保險人。"
"當保險標的危險增加時，不由於要保人或被保險人之行為所致者，要保人或被保險人應於知悉後多久通知保險人?","應於知悉後十日內通知保險人。危險增加，不由於要保人或被保險人之行為所致者，要保人或被保險人應於知悉後十日內通知保險人。"
當保險標的危險減少時，被保險人可以請求保險人重新核定保費?,可以，危險減少時，被保險人得請求保險人重新核定保費。
要保人對於保險契約內所載增加危險之情形，應於知悉後通知保險人?,"是，要保人對於保險契約內所載增加危險之情形應通知者，應於知悉後通知保險人。"
保險遇有危險增加、危險減少知情形，可以終止合約或另訂保費?,可以，保險遇有前條情形，得終止契約，或提議另定保險費。
"若因危險增加、危險減少而另訂保費，但要保人對於另定保險費不同意者，其契約即為終止?",是，要保人對於另定保險費不同意者，其契約即為終止。
"因為危險增加，由於要保人或被保險人之行為所致，其危險達於應增加保險費或終止契約之程度時，保險人如有損失，可以請求賠償?",可以，但因前條第二項情形終止契約時，保險人如有損失，並得請求賠償。
"當保險人知危險增加後，仍繼續收受保險費，或於危險發生後給付賠償金額，或其他維持契約之表示時，仍然有終止契約或另訂保費的權利?","否，保險人知危險增加後，仍繼續收受保險費，或於危險發生後給付賠償金額，或其他維持契約之表示者，喪失前項之權利。"
"危險增加如損害之發生不影響保險人之負擔，可以不負危險增加之通知義務?","可以。危險增加如有左列情形之一時，不適用第五十九條之規定：　　一、損害之發生不影響保險人之負擔者。　　二、為防護保險人之利益者。　　三、為履行道德上之義務者。"
危險增加如為防護保險人之利益，可以不負危險增加之通知義務?,"可以。危險增加如有左列情形之一時，不適用第五十九條之規定：　　一、損害之發生不影響保險人之負擔者。　　二、為防護保險人之利益者。　　三、為履行道德上之義務者。"
危險增加如為履行道德上之義務，可以不負危險增加之通知義務?,"可以。危險增加如有左列情形之一時，不適用第五十九條之規定：　　一、損害之發生不影響保險人之負擔者。　　二、為防護保險人之利益者。　　三、為履行道德上之義務者。"
當事人之一方對於為他方所知時，應負通知義務?,"否。當事人之一方對於左列各款，不負通知之義務：　　一、為他方所知者。　　二、依通常注意為他方所應知，或無法諉為不知者。　　三、一方對於他方經聲明不必通知者。"
"當事人之一方對於通常注意為他方所應知，或無法諉為不知時，應負通知義務?","否。當事人之一方對於左列各款，不負通知之義務：　　一、為他方所知者。　　二、依通常注意為他方所應知，或無法諉為不知者。　　三、一方對於他方經聲明不必通知者。"
當事人之一方對於一方對於他方經聲明不必通知時，應負通知義務?,"否。當事人之一方對於左列各款，不負通知之義務：　　一、為他方所知者。　　二、依通常注意為他方所應知，或無法諉為不知者。　　三、一方對於他方經聲明不必通知者。"
訂立契約時，要保人對於保險人之書面詢問，需要據實說明?,是，訂立契約時，要保人對於保險人之書面詢問，應據實說明。
"若要保人有為隱匿或遺漏不為說明，足以變更或減少保險人對於危險之估計時，保險人可以解除契約?","是，要保人有為隱匿或遺漏不為說明，或為不實之說明，足以變更或減少保險人對於危險之估計者，保險人得解除契約；其危險發生後亦同。"
"若要保人有為隱匿或遺漏不為說明，足以變更或減少保險人對於危險估計時，但危險發生與位說明知事實無關，保險人可以解除契約?","否，要保人有為隱匿或遺漏不為說明，或為不實之說明，足以變更或減少保險人對於危險之估計者，保險人得解除契約；其危險發生後亦同。但要保人證明危險之發生未基於其說明或未說明之事實時，不在此限。"
"若要保人位據實說明，但保險人知有解除原因，經過一個月不行使，則解除契約權依然存在?",否，前項解除契約權，自保險人知有解除之原因後，經過一個月不行使而消滅。
若要保人位據實說明，但契約訂立超過兩年，則解除契約權消失?,"是，前項解除契約權，自保險人知有解除之原因後，經過一個月不行使而消滅；或契約訂立後經過二年，即有可以解除之原因，亦不得解除契約。"
請問什麼為特約條款？,"第66條（特約條款之意義）特約條款，為當事人於保險契約基本條款外，承認履行特種義務之條款。"
請問特約條款，為當事人於保險契約基本條款外，承認什麼義務之條款？,"第66條（特約條款之意義）特約條款，為當事人於保險契約基本條款外，承認履行特種義務之條款。"
請問與什麼有關之一切事項，不問過去、現在或將來，均得以特約條款定之？,"第67條（特約條款內容）與保險契約有關之一切事項，不問過去、現在或將來，均得以特約條款定之。"
請問特約條款內容是什麼？,"第67條（特約條款內容）與保險契約有關之一切事項，不問過去、現在或將來，均得以特約條款定之。"
請問什麼狀況下，他方得解除契約？,"第68條（違背特約條款之效力）保險契約當事人之一方違背特約條款時，他方得解除契約；其危險發生後亦同。第六十四條第三項之規定，於前項情形準用之。"
請問第六十四條第三項之規定，於哪項情況準用之？,"第68條（違背特約條款之效力）保險契約當事人之一方違背特約條款時，他方得解除契約；其危險發生後亦同。第六十四條第三項之規定，於前項情形準用之。"
請問當保險契約當事人之一方違背特約條款時，他方可以做什麼決定？,"第68條（違背特約條款之效力）保險契約當事人之一方違背特約條款時，他方得解除契約；其危險發生後亦同。第六十四條第三項之規定，於前項情形準用之。"
請問什麼是未來事項之特約條款？,"第69條（未來事項特約條款之效力）關於未來事項之特約條款，於未屆履行期前危險已發生，或其履行為不可能，或在訂約地為不合法而未履行者，保險契約不因之而失效。"
請問未來事項之特約條款，於未屆履行期前危險已發生，或其履行為不可能，或在訂約地為不合法而未履行者，保險契約會不會因失效？,"第69條（未來事項特約條款之效力）關於未來事項之特約條款，於未屆履行期前危險已發生，或其履行為不可能，或在訂約地為不合法而未履行者，保險契約不因之而失效。"
請問關於未來事項之特約條款，於何種情況下，保險契約不因之而失效？,"第69條（未來事項特約條款之效力）關於未來事項之特約條款，於未屆履行期前危險已發生，或其履行為不可能，或在訂約地為不合法而未履行者，保險契約不因之而失效。"
請問火災保險人，對於什麼情況下，除契約另有訂定外，負賠償之責？,"第70條（火災保險人之責任）火災保險人，對於由火災所致保險標的物之毀損或滅失，除契約另有訂定外，負賠償之責。因救護保險標的物，致保險標的物發生損失者，視同所保危險所生之損失。"
請問什麼情況下，致保險標的物發生損失者，視同所保危險所生之損失？,"第70條（火災保險人之責任）火災保險人，對於由火災所致保險標的物之毀損或滅失，除契約另有訂定外，負賠償之責。因救護保險標的物，致保險標的物發生損失者，視同所保危險所生之損失。"
請問因救護保險標的物，致保險標的物發生損失者，視同為何？,"第70條（火災保險人之責任）火災保險人，對於由火災所致保險標的物之毀損或滅失，除契約另有訂定外，負賠償之責。因救護保險標的物，致保險標的物發生損失者，視同所保危險所生之損失。"
請問火災保險人，對於由火災所致保險標的物之毀損或滅失，除什麼情況外，負賠償之責？,"第70條（火災保險人之責任）火災保險人，對於由火災所致保險標的物之毀損或滅失，除契約另有訂定外，負賠償之責。因救護保險標的物，致保險標的物發生損失者，視同所保危險所生之損失。"
請問什麼是火災保險人之責任？,"第70條（火災保險人之責任）火災保險人，對於由火災所致保險標的物之毀損或滅失，除契約另有訂定外，負賠償之責。因救護保險標的物，致保險標的物發生損失者，視同所保危險所生之損失。"
請問哪項保險契約，視同並為第三人利益而訂立？,"第71條（集合保險契約之責任）就集合之物而總括為保險者，被保險人家屬、受僱人或同居人之物，亦得為保險標的，載明於保險契約，在危險發生時，就其損失享受賠償。前項保險契約，視同並為第三人利益而訂立。"
請問就集合之物而總括為保險者，什麼人或物，亦得為保險標的，載明於保險契約，在危險發生時，就其損失享受賠償？,"第71條（集合保險契約之責任）就集合之物而總括為保險者，被保險人家屬、受僱人或同居人之物，亦得為保險標的，載明於保險契約，在危險發生時，就其損失享受賠償。前項保險契約，視同並為第三人利益而訂立。"
請問就集合之物而總括為保險者，被保險人家屬、受僱人或同居人之物，亦得為保險標的，載明於何處？,"第71條（集合保險契約之責任）就集合之物而總括為保險者，被保險人家屬、受僱人或同居人之物，亦得為保險標的，載明於保險契約，在危險發生時，就其損失享受賠償。前項保險契約，視同並為第三人利益而訂立。"
請問什麼是集合保險契約之責任？,"第71條（集合保險契約之責任）就集合之物而總括為保險者，被保險人家屬、受僱人或同居人之物，亦得為保險標的，載明於保險契約，在危險發生時，就其損失享受賠償。前項保險契約，視同並為第三人利益而訂立。"
請問什麼是保險金額？,"第72條（保險金額之作用）【相關罰則】§第169條保險金額，為保險人在保險期內，所負責任之最高額度。保險人應於承保前，查明保險標的物之市價，不得超額承保。"
請問與第72條（保險金額之作用）的相關罰則是第幾條？,"第72條（保險金額之作用）【相關罰則】§第169條保險金額，為保險人在保險期內，所負責任之最高額度。保險人應於承保前，查明保險標的物之市價，不得超額承保。"
請問保險金額，為保險人在保險期內，所負責任之最高額度。保險人應於承保前，查明什麼，以不得超額承保？,"第72條（保險金額之作用）【相關罰則】§第169條保險金額，為保險人在保險期內，所負責任之最高額度。保險人應於承保前，查明保險標的物之市價，不得超額承保。"
請問什麼是保險人在保險期內，所負責任之最高額度？,"第72條（保險金額之作用）【相關罰則】§第169條保險金額，為保險人在保險期內，所負責任之最高額度。保險人應於承保前，查明保險標的物之市價，不得超額承保。"
請問什麼是保險標的~定值與不定值？,"第73條（保險標的~定值與不定值）保險標的，得由要保人，依主管機關核定之費率及條款，作定值或不定值約定之要保。保險標的，以約定價值為保險金額者，發生全部損失或部份損失時，均按約定價值為標準計算賠償。保險標的，未經約定價值者，發生損失時，按保險事故發生時實際價值為標準，計算賠償，其賠償金額，不得超過保險金額。"
請問得由要保人，依據什麼，作定值或不定值約定之要保？,"第73條（保險標的~定值與不定值）保險標的，得由要保人，依主管機關核定之費率及條款，作定值或不定值約定之要保。保險標的，以約定價值為保險金額者，發生全部損失或部份損失時，均按約定價值為標準計算賠償。保險標的，未經約定價值者，發生損失時，按保險事故發生時實際價值為標準，計算賠償，其賠償金額，不得超過保險金額。"
請問以什麼狀況下，均按約定價值為標準計算賠償？,"第73條（保險標的~定值與不定值）保險標的，得由要保人，依主管機關核定之費率及條款，作定值或不定值約定之要保。保險標的，以約定價值為保險金額者，發生全部損失或部份損失時，均按約定價值為標準計算賠償。保險標的，未經約定價值者，發生損失時，按保險事故發生時實際價值為標準，計算賠償，其賠償金額，不得超過保險金額。"
請問以約定價值為保險金額者，發生全部損失或部份損失時，怎麼計算賠償？,"第73條（保險標的~定值與不定值）保險標的，得由要保人，依主管機關核定之費率及條款，作定值或不定值約定之要保。保險標的，以約定價值為保險金額者，發生全部損失或部份損失時，均按約定價值為標準計算賠償。保險標的，未經約定價值者，發生損失時，按保險事故發生時實際價值為標準，計算賠償，其賠償金額，不得超過保險金額。"
請問未經約定價值者，發生損失時，按什麼標準計算賠償？,"第73條（保險標的~定值與不定值）保險標的，得由要保人，依主管機關核定之費率及條款，作定值或不定值約定之要保。保險標的，以約定價值為保險金額者，發生全部損失或部份損失時，均按約定價值為標準計算賠償。保險標的，未經約定價值者，發生損失時，按保險事故發生時實際價值為標準，計算賠償，其賠償金額，不得超過保險金額。"
請問未經約定價值者，發生損失時，其賠償金額，是否可超過保險金額？,"""第73條（保險標的~定值與不定值）保險標的，得由要保人，依主管機關核定之費率及條款，作定值或不定值約定之要保。保險標的，以約定價值為保險金額者，發生全部損失或部份損失時，均按約定價值為標準計算賠償。保險標的，未經約定價值者，發生損失時，按保險事故發生時實際價值為標準，計算賠償，其賠償金額，不得超過保險金額。"""
請問什麼是全損？,"第74條（全損之定義）第七十三條所稱全部損失，係指保險標的全部滅失或毀損，達於不能修復或其修復之費用，超過保險標的恢復原狀所需者。"
什麼情況下，可稱作是全損？,"第74條（全損之定義）第七十三條所稱全部損失，係指保險標的全部滅失或毀損，達於不能修復或其修復之費用，超過保險標的恢復原狀所需者。"
請問什麼是標的物價值？,"第75條（標的物價值之約定）保險標的物不能以市價估計者，得由當事人約定其價值，賠償時從其約定。"
請問什麼情況下保險標的物，得由當事人約定其價值，賠償時從其約定？,"第75條（標的物價值之約定）保險標的物不能以市價估計者，得由當事人約定其價值，賠償時從其約定。"
請問保險標的物不能以市價估計者，怎麼賠償？,"第75條（標的物價值之約定）保險標的物不能以市價估計者，得由當事人約定其價值，賠償時從其約定。"
請問什麼是超額保險？,"第76條（超額保險）保險金額超過保險標的價值之契約，係由當事人一方之詐欺而訂立者，他方得解除契約，如有損失，並得請求賠償；無詐欺情事者，除定值保險外，其契約僅於保險標的價值之限度內為有效。無詐欺情事之保險契約，經當事人一方將超過價值之事實通知他方後，保險金額及保險費，均應按照保險標的之價值比例減少。"
請問什麼情況下，係由當事人一方之詐欺而訂立者，他方得解除契約？,"第76條（超額保險）保險金額超過保險標的價值之契約，係由當事人一方之詐欺而訂立者，他方得解除契約，如有損失，並得請求賠償；無詐欺情事者，除定值保險外，其契約僅於保險標的價值之限度內為有效。無詐欺情事之保險契約，經當事人一方將超過價值之事實通知他方後，保險金額及保險費，均應按照保險標的之價值比例減少。"
請問保險金額超過保險標的價值之契約，係由當事人一方之詐欺而訂立者，他方得解除契約，如有損失，是否得以請求賠償？,"第76條（超額保險）保險金額超過保險標的價值之契約，係由當事人一方之詐欺而訂立者，他方得解除契約，如有損失，並得請求賠償；無詐欺情事者，除定值保險外，其契約僅於保險標的價值之限度內為有效。無詐欺情事之保險契約，經當事人一方將超過價值之事實通知他方後，保險金額及保險費，均應按照保險標的之價值比例減少。"
請問無詐欺情事者，除什麼之外，其契約僅於保險標的價值之限度內為有效？,"第76條（超額保險）保險金額超過保險標的價值之契約，係由當事人一方之詐欺而訂立者，他方得解除契約，如有損失，並得請求賠償；無詐欺情事者，除定值保險外，其契約僅於保險標的價值之限度內為有效。無詐欺情事之保險契約，經當事人一方將超過價值之事實通知他方後，保險金額及保險費，均應按照保險標的之價值比例減少。"
請問無詐欺情事者，除定值保險外，其契約僅於什麼限度內為有效？,"第76條（超額保險）保險金額超過保險標的價值之契約，係由當事人一方之詐欺而訂立者，他方得解除契約，如有損失，並得請求賠償；無詐欺情事者，除定值保險外，其契約僅於保險標的價值之限度內為有效。無詐欺情事之保險契約，經當事人一方將超過價值之事實通知他方後，保險金額及保險費，均應按照保險標的之價值比例減少。"
請問無詐欺情事之保險契約，在什麼情況下，保險金額及保險費，均應按照保險標的之價值比例減少？,"第76條（超額保險）保險金額超過保險標的價值之契約，係由當事人一方之詐欺而訂立者，他方得解除契約，如有損失，並得請求賠償；無詐欺情事者，除定值保險外，其契約僅於保險標的價值之限度內為有效。無詐欺情事之保險契約，經當事人一方將超過價值之事實通知他方後，保險金額及保險費，均應按照保險標的之價值比例減少。"
請問無詐欺情事之保險契約，經當事人一方將超過價值之事實通知他方後，保險金額及保險費是否會減少？,"第76條（超額保險）保險金額超過保險標的價值之契約，係由當事人一方之詐欺而訂立者，他方得解除契約，如有損失，並得請求賠償；無詐欺情事者，除定值保險外，其契約僅於保險標的價值之限度內為有效。無詐欺情事之保險契約，經當事人一方將超過價值之事實通知他方後，保險金額及保險費，均應按照保險標的之價值比例減少。"
請問什麼是一部保險？,"第77條（一部保險）保險金額不及保險標的物之價值者，除契約另有訂定外，保險人之負擔，以保險金額對於保險標的物之價值比例定之。"
請問被保險人交出損失清單多久後加給利息？,"第78條（損失估計遲延之責任）損失之估計，因可歸責於保險人之事由而遲延者，應自被保險人交出損失清單一個月後加給利息。損失清單交出二個月後損失尚未完全估定者，被保險人得請求先行交付其所應得之最低賠償金額。"
請問損失清單交出多久後損失尚未完全估定者，被保險人得請求先行交付其所應得之最低賠償金額？,"第78條（損失估計遲延之責任）損失之估計，因可歸責於保險人之事由而遲延者，應自被保險人交出損失清單一個月後加給利息。損失清單交出二個月後損失尚未完全估定者，被保險人得請求先行交付其所應得之最低賠償金額。"
請問是估計損失費用？,"第79條（估計損失費用之負擔）保險人或被保險人為證明及估計損失所支出之必要費用，除契約另有訂定外，由保險人負擔之。保險金額不及保險標的物之價值時，保險人對於前項費用，依第七十七條規定比例負擔之。"
請問保險金額不及保險標的物之價值時，保險人對於前項費用，依第幾條規定比例負擔之？,"第79條（估計損失費用之負擔）保險人或被保險人為證明及估計損失所支出之必要費用，除契約另有訂定外，由保險人負擔之。保險金額不及保險標的物之價值時，保險人對於前項費用，依第七十七條規定比例負擔之。"
請問損失未估定前，要保人或被保險人除什麼情況外，非經保險人同意，對於保險標的物不得加以變更？,"第80條（標的物變更之禁止）損失未估定前，要保人或被保險人除為公共利益或避免擴大損失外，非經保險人同意，對於保險標的物不得加以變更。"
請問損失未估定前，什麼情況下，對於保險標的物不得加以變更？,"第80條（標的物變更之禁止）損失未估定前，要保人或被保險人除為公共利益或避免擴大損失外，非經保險人同意，對於保險標的物不得加以變更。"
請問什麼情況下，要保人或被保險人除為公共利益或避免擴大損失外，非經保險人同意，對於保險標的物不得加以變更？,"第80條（標的物變更之禁止）損失未估定前，要保人或被保險人除為公共利益或避免擴大損失外，非經保險人同意，對於保險標的物不得加以變更。"
請問損失未估定前，經保險人同意，對於保險標的物是否得加以變更？,"第80條（標的物變更之禁止）損失未估定前，要保人或被保險人除為公共利益或避免擴大損失外，非經保險人同意，對於保險標的物不得加以變更。"
請問損失未估定前，對於保險標的物是否得加以變更？,"第80條（標的物變更之禁止）損失未估定前，要保人或被保險人除為公共利益或避免擴大損失外，非經保險人同意，對於保險標的物不得加以變更。"
請問什麼情況下，保險契約即終止？,"第81條（標的物全損時契約之終止）保險標的物非因保險契約所載之保險事故而完全滅失時，保險契約即為終止。"
請問保險標的物因保險事故而完全滅失時，保險契約是否會終止？,"第81條（標的物全損時契約之終止）保險標的物非因保險契約所載之保險事故而完全滅失時，保險契約即為終止。"
請問什麼是全損時契約終止？,"第81條（標的物全損時契約之終止）保險標的物非因保險契約所載之保險事故而完全滅失時，保險契約即為終止。"
請問什麼是分損時契約終止？,"第82條（標的物分損時契約之終止）保險標的物受部份之損失者，保險人與要保人均有終止契約之權。終止後，已交付未損失部分之保險費應返還之。前項終止契約權，於賠償金額給付後，經過一個月不行使而消滅。保險人終止契約時，應於十五日前通知要保人。要保人與保險人均不終止契約時，除契約另有訂定外，保險人對於以後保險事故所致之損失，其責任以賠償保險金額之餘額為限。"
請問契約終止後，已交付未損失部分之保險費是否應返還？,"第82條（標的物分損時契約之終止）保險標的物受部份之損失者，保險人與要保人均有終止契約之權。終止後，已交付未損失部分之保險費應返還之。前項終止契約權，於賠償金額給付後，經過一個月不行使而消滅。保險人終止契約時，應於十五日前通知要保人。要保人與保險人均不終止契約時，除契約另有訂定外，保險人對於以後保險事故所致之損失，其責任以賠償保險金額之餘額為限。"
請問保險人終止契約時，應於幾日前通知要保人？,"第82條（標的物分損時契約之終止）保險標的物受部份之損失者，保險人與要保人均有終止契約之權。終止後，已交付未損失部分之保險費應返還之。前項終止契約權，於賠償金額給付後，經過一個月不行使而消滅。保險人終止契約時，應於十五日前通知要保人。要保人與保險人均不終止契約時，除契約另有訂定外，保險人對於以後保險事故所致之損失，其責任以賠償保險金額之餘額為限。"
請問終止契約權，於賠償金額給付後，經過多久不行使而消滅？,"第82條（標的物分損時契約之終止）保險標的物受部份之損失者，保險人與要保人均有終止契約之權。終止後，已交付未損失部分之保險費應返還之。前項終止契約權，於賠償金額給付後，經過一個月不行使而消滅。保險人終止契約時，應於十五日前通知要保人。要保人與保險人均不終止契約時，除契約另有訂定外，保險人對於以後保險事故所致之損失，其責任以賠償保險金額之餘額為限。"
請問什麼情況下，保險人對於以後保險事故所致之損失，其責任以賠償保險金額之餘額為限？,"第82條（標的物分損時契約之終止）保險標的物受部份之損失者，保險人與要保人均有終止契約之權。終止後，已交付未損失部分之保險費應返還之。前項終止契約權，於賠償金額給付後，經過一個月不行使而消滅。保險人終止契約時，應於十五日前通知要保人。要保人與保險人均不終止契約時，除契約另有訂定外，保險人對於以後保險事故所致之損失，其責任以賠償保險金額之餘額為限。"
請問什麼情況下，保險人與要保人均有終止契約之權？,"第82條（標的物分損時契約之終止）保險標的物受部份之損失者，保險人與要保人均有終止契約之權。終止後，已交付未損失部分之保險費應返還之。前項終止契約權，於賠償金額給付後，經過一個月不行使而消滅。保險人終止契約時，應於十五日前通知要保人。要保人與保險人均不終止契約時，除契約另有訂定外，保險人對於以後保險事故所致之損失，其責任以賠償保險金額之餘額為限。"
請問在保險標的物受部份之損失下，什麼人有終止契約之權？,"第82條（標的物分損時契約之終止）保險標的物受部份之損失者，保險人與要保人均有終止契約之權。終止後，已交付未損失部分之保險費應返還之。前項終止契約權，於賠償金額給付後，經過一個月不行使而消滅。保險人終止契約時，應於十五日前通知要保人。要保人與保險人均不終止契約時，除契約另有訂定外，保險人對於以後保險事故所致之損失，其責任以賠償保險金額之餘額為限。"
請問第七十三條至第八十一條之規定，於什麼保險準用之？,"第82條之1（有關法條之準用）第七十三條至第八十一條之規定，於海上保險、陸空保險、責任保險、保證保險及其他財產保險準用之。第一百二十三條及第一百二十四條之規定，於超過一年之財產保險準用之。"
請問海上保險準用於第幾至第幾條之規定？,"第82條之1（有關法條之準用）第七十三條至第八十一條之規定，於海上保險、陸空保險、責任保險、保證保險及其他財產保險準用之。第一百二十三條及第一百二十四條之規定，於超過一年之財產保險準用之。"
請問陸空保險準用於第幾至第幾條之規定？,"第82條之1（有關法條之準用）第七十三條至第八十一條之規定，於海上保險、陸空保險、責任保險、保證保險及其他財產保險準用之。第一百二十三條及第一百二十四條之規定，於超過一年之財產保險準用之。"
請問責任保險準用於第幾至第幾條之規定？,"第82條之1（有關法條之準用）第七十三條至第八十一條之規定，於海上保險、陸空保險、責任保險、保證保險及其他財產保險準用之。第一百二十三條及第一百二十四條之規定，於超過一年之財產保險準用之。"
請問保證保險準用於第幾至第幾條之規定？,"第82條之1（有關法條之準用）第七十三條至第八十一條之規定，於海上保險、陸空保險、責任保險、保證保險及其他財產保險準用之。第一百二十三條及第一百二十四條之規定，於超過一年之財產保險準用之。"
請問其他財產保險準用於第幾至第幾條之規定？,"第82條之1（有關法條之準用）第七十三條至第八十一條之規定，於海上保險、陸空保險、責任保險、保證保險及其他財產保險準用之。第一百二十三條及第一百二十四條之規定，於超過一年之財產保險準用之。"
請問第幾至第幾條之規定，於超過一年之財產保險準用之？,"第82條之1（有關法條之準用）第七十三條至第八十一條之規定，於海上保險、陸空保險、責任保險、保證保險及其他財產保險準用之。第一百二十三條及第一百二十四條之規定，於超過一年之財產保險準用之。"
第一百二十三條及第一百二十四條之規定，於超過多久之財產保險準用之？,"第82條之1（有關法條之準用）第七十三條至第八十一條之規定，於海上保險、陸空保險、責任保險、保證保險及其他財產保險準用之。第一百二十三條及第一百二十四條之規定，於超過一年之財產保險準用之。"
請問什麼是海上保險人之責任？,"第83條（海上保險人之責任）海上保險人對於保險標的物，除契約另有規定外，因海上一切事變及災害所生之毀損、滅失及費用，負賠償之責。"
請問海上保險人對於保險標的物，除契約另有規定外，因什麼情況下，負賠償之責？,"第83條（海上保險人之責任）海上保險人對於保險標的物，除契約另有規定外，因海上一切事變及災害所生之毀損、滅失及費用，負賠償之責。"
請問海上保險，適用於什麼之規定？,"第84條（適用海商法之規定）關於海上保險，適用海商法海上保險章之規定。"
請問陸上、內河及航空保險人，對於保險標的物，除契約另有訂定外，因什麼情況下，負賠償之責？,"第85條（陸空保險人之責任）陸上、內河及航空保險人，對於保險標的物，除契約另有訂定外，因陸上、內河及航空一切事變及災害所致之毀損、滅失及費用，負賠償之責。"
請問什麼是陸空保險人之責任？,"第85條（陸空保險人之責任）陸上、內河及航空保險人，對於保險標的物，除契約另有訂定外，因陸上、內河及航空一切事變及災害所致之毀損、滅失及費用，負賠償之責。"
請問什麼保險人，對於保險標的物，除契約另有訂定外，因陸上、內河及航空一切事變及災害所致之毀損、滅失及費用，負賠償之責？,"第85條（陸空保險人之責任）陸上、內河及航空保險人，對於保險標的物，除契約另有訂定外，因陸上、內河及航空一切事變及災害所致之毀損、滅失及費用，負賠償之責。"
請問什麼是貨物保險？,"第86條（貨物保險之期間）關於貨物之保險，除契約另有訂定外，自交運之時以迄於其目的地收貨之時為其期間。"
請問貨物之保險以什麼為其期間？,"第86條（貨物保險之期間）關於貨物之保險，除契約另有訂定外，自交運之時以迄於其目的地收貨之時為其期間。"
請問保險契約，除記載第五十五條規定事項外，並應載明那些事項？,"第87條（保險契約應載事項）保險契約，除記載第五十五條規定事項外，並應載明左列事項：　　一、運送路線及方法。　　二、運送人姓名或商號名稱。　　三、交運及取貨地點。　　四、運送有期限者其期限。"
,"第87條（保險契約應載事項）保險契約，除記載第五十五條規定事項外，並應載明左列事項：　　一、運送路線及方法。　　二、運送人姓名或商號名稱。　　三、交運及取貨地點。　　四、運送有期限者其期限。"
請問因運送上之必要，暫時停止或變更運送路線或方法時，保險契約是否繼續有效？,"第88條（暫停、或變更運路或方法之效力）因運送上之必要，暫時停止或變更運送路線或方法時，保險契約除另有訂定外，仍繼續有效。"
請問什麼是暫停、或變更運路或方法之效力？,"第88條（暫停、或變更運路或方法之效力）因運送上之必要，暫時停止或變更運送路線或方法時，保險契約除另有訂定外，仍繼續有效。"
請問什麼是海上保險之準用？,"第89條（海上保險之準用）航行內河船舶運費及裝載貨物之保險，除本節另有規定外，準用海上保險有關條文之規定。"
請問什麼是責任保險人之責任？,"第90條（責任保險人之責任）責任保險人於被保險人對於第三人，依法應負賠償責任，而受賠償之請求時，負賠償之責。"
請問什麼是必要費用之負擔？,"第91條（必要費用之負擔）被保險人因受第三人之請求而為抗辯，所支出之訴訟上或訴訟外之必要費用，除契約另有訂定外，由保險人負擔之。被保險人得請求保險人墊給前項費用。"
請問被保險人是否得請求保險人墊給前項費用？,"第91條（必要費用之負擔）被保險人因受第三人之請求而為抗辯，所支出之訴訟上或訴訟外之必要費用，除契約另有訂定外，由保險人負擔之。被保險人得請求保險人墊給前項費用。"
請問什麼是保險人之參與權？,"第93條（保險人之參與權）保險人得約定被保險人對於第三人就其責任所為之承認、和解或賠償，未經其參與者，不受拘束。但經要保人或被保險人通知保險人參與而無正當理由拒絕或藉故遲延者，不在此限。"
何種情況不在保險人之參與權限制內？,"第93條（保險人之參與權）保險人得約定被保險人對於第三人就其責任所為之承認、和解或賠償，未經其參與者，不受拘束。但經要保人或被保險人通知保險人參與而無正當理由拒絕或藉故遲延者，不在此限。"
請問向被保險人給付賠償金之限制內容？,"第94條（向被保險人給付賠償金之限制）保險人於第三人由被保險人應負責任事故所致之損失，未受賠償以前，不得以賠償金額之全部或一部給付被保險人。被保險人對第三人應負損失賠償責任確定時，第三人得在保險金額範圍內，依其應得之比例，直接向保險人請求給付賠償金額。"
請問什麼情況下，不得以賠償金額之全部或一部給付被保險人？,"第94條（向被保險人給付賠償金之限制）保險人於第三人由被保險人應負責任事故所致之損失，未受賠償以前，不得以賠償金額之全部或一部給付被保險人。被保險人對第三人應負損失賠償責任確定時，第三人得在保險金額範圍內，依其應得之比例，直接向保險人請求給付賠償金額。"
請問什麼情況下，直接向保險人請求給付賠償金額？,"第94條（向被保險人給付賠償金之限制）保險人於第三人由被保險人應負責任事故所致之損失，未受賠償以前，不得以賠償金額之全部或一部給付被保險人。被保險人對第三人應負損失賠償責任確定時，第三人得在保險金額範圍內，依其應得之比例，直接向保險人請求給付賠償金額。"
請問保險人於第三人由被保險人應負責任事故所致之損失，未受賠償以前，是否得以賠償金額之全部或一部給付被保險人？,"第94條（向被保險人給付賠償金之限制）保險人於第三人由被保險人應負責任事故所致之損失，未受賠償以前，不得以賠償金額之全部或一部給付被保險人。被保險人對第三人應負損失賠償責任確定時，第三人得在保險金額範圍內，依其應得之比例，直接向保險人請求給付賠償金額。"
請問被保險人對第三人應負損失賠償責任確定時，可以做什麼?,"第94條（向被保險人給付賠償金之限制）保險人於第三人由被保險人應負責任事故所致之損失，未受賠償以前，不得以賠償金額之全部或一部給付被保險人。被保險人對第三人應負損失賠償責任確定時，第三人得在保險金額範圍內，依其應得之比例，直接向保險人請求給付賠償金額。"
請問什麼是向第三人給付賠償金？,"第95條（向第三人給付賠償金）保險人得經被保險人通知，直接對第三人為賠償金額之給付。"
請問什麼是保證保險人之責任？,"第95條之1（保證保險人之責任）保證保險人於被保險人因其受僱人之不誠實行為或其債務人之不履行債務所致損失，負賠償之責。"
什麼是以受僱人不誠實行為之保險契約應載事項？,"第95條之2（以受僱人不誠實行為之保險契約應載事項）以受僱人之不誠實行為為保險事故之保證保險契約，除記載第五十五條規定事項外，並應載明左列事項：　　一、被保險人之姓名及住所。　　二、受僱人之姓名、職稱或其他得以認定為受僱人之方式。"
以受僱人之不誠實行為為保險事故之保證保險契約，除記載第五十五條規定事項外，並應載明那些事項？,"第95條之2（以受僱人不誠實行為之保險契約應載事項）以受僱人之不誠實行為為保險事故之保證保險契約，除記載第五十五條規定事項外，並應載明左列事項：　　一、被保險人之姓名及住所。　　二、受僱人之姓名、職稱或其他得以認定為受僱人之方式。"
"以受僱人之不誠實行為為保險事故之保證保險契約，除記載第幾條規定事項外，並應載明左列事項？：　　一、被保險人之姓名及住所。　　二、受僱人之姓名、職稱或其他得以認定為受僱人之方式。","第95條之2（以受僱人不誠實行為之保險契約應載事項）以受僱人之不誠實行為為保險事故之保證保險契約，除記載第五十五條規定事項外，並應載明左列事項：　　一、被保險人之姓名及住所。　　二、受僱人之姓名、職稱或其他得以認定為受僱人之方式。"
什麼是以債務人不履行債務之保險契約應載事項？,"第95條之3（以債務人不履行債務之保險契約應載事項）　　以債務人之不履行債務為保險事故之保證保險契約，除記載第五十五條規定事項外，並應載明左列事項：　　一、被保險人之姓名及住所。　　二、債務人之姓名或其他得以認定為債務人之方式。"
以債務人之不履行債務為保險事故之保證保險契約，除記載第五十五條規定事項外，並應載明那些事項？,"第95條之3（以債務人不履行債務之保險契約應載事項）　　以債務人之不履行債務為保險事故之保證保險契約，除記載第五十五條規定事項外，並應載明左列事項：　　一、被保險人之姓名及住所。　　二、債務人之姓名或其他得以認定為債務人之方式。"
什麼是其他財產保險？,"第96條（其他財產保險之意義）其他財產保險為不屬於火災保險、海上保險、陸空保險、責任保險及保證保險之範圍，而以財物或無形利益為保險標的之各種保險。"
什麼是標的物查勘權？,"第97條（標的物查勘權）保險人有隨時查勘保險標的物之權，如發現全部或一部份處於不正常狀態，經建議要保人或被保險人修復後，再行使用。如要保人或被保險人不接受建議時，得以書面通知終止保險契約或其有關部份。"
什麼是未盡保護義務之責任？,"第98條（未盡保護義務之責任）要保人或被保險人，對於保險標的物未盡約定保護責任所致之損失，保險人不負賠償之責。危險事故發生後，經鑑定係因要保人或被保險人未盡合理方法保護標的物，因而增加之損失，保險人不負賠償之責。"
什麼情況下危險事故發生後，保險人不負賠償之責？,"第98條（未盡保護義務之責任）要保人或被保險人，對於保險標的物未盡約定保護責任所致之損失，保險人不負賠償之責。危險事故發生後，經鑑定係因要保人或被保險人未盡合理方法保護標的物，因而增加之損失，保險人不負賠償之責。"
什麼是保險契約之變動？,"第99條（保險契約之變動）保險標的物受部份之損失，經賠償或回復原狀後，保險契約繼續有效。但與原保險情況有異時，得增減其保險費。"
保險標的物受部份之損失，經賠償或回復原狀後，保險契約是否繼續有效？,"第99條（保險契約之變動）保險標的物受部份之損失，經賠償或回復原狀後，保險契約繼續有效。但與原保險情況有異時，得增減其保險費。"
什麼是人壽保險人之責任？,"第101條（人壽保險人之責任）人壽保險人於被保險人在契約規定年限內死亡，或屆契約規定年限而仍生存時，依照契約，負給付保險金額之責。"
人壽保險之保險金額，依什麼所定？,"第102條（保險金額）人壽保險之保險金額，依保險契約之所定。"
什麼是保險人代位之禁止？,"第103條（保險人代位之禁止）人壽保險之保險人，不得代位行使要保人或受益人因保險事故所生對於第三人之請求權。"
人壽保險契約，是否可由第三人訂立之？,"第104條（契約之代訂）人壽保險契約，得由本人或第三人訂立之。"
他人人壽保約訂立之限制內容？,"第105條（他人人壽保約訂立之限制）由第三人訂立之死亡保險契約，未經被保險人書面同意，並約定保險金額，其契約無效。被保險人依前項所為之同意，得隨時撤銷之。其撤銷之方式應以書面通知保險人及要保人。被保險人依前項規定行使其撤銷權者，視為要保人終止保險契約。"
由第三人訂立之死亡保險契約，未經被保險人書面同意，並約定保險金額，其是否契約無效？,"第105條（他人人壽保約訂立之限制）由第三人訂立之死亡保險契約，未經被保險人書面同意，並約定保險金額，其契約無效。被保險人依前項所為之同意，得隨時撤銷之。其撤銷之方式應以書面通知保險人及要保人。被保險人依前項規定行使其撤銷權者，視為要保人終止保險契約。"
由第三人訂立之死亡保險契約，未經被保險人書面同意，並約定保險金額，其契約無效。被保險人依前項所為之同意，得隨時撤銷之。其撤銷之方式為何？,"第105條（他人人壽保約訂立之限制）由第三人訂立之死亡保險契約，未經被保險人書面同意，並約定保險金額，其契約無效。被保險人依前項所為之同意，得隨時撤銷之。其撤銷之方式應以書面通知保險人及要保人。被保險人依前項規定行使其撤銷權者，視為要保人終止保險契約。"
被保險人依前項規定行使其撤銷權者，視為什麼？,"第105條（他人人壽保約訂立之限制）由第三人訂立之死亡保險契約，未經被保險人書面同意，並約定保險金額，其契約無效。被保險人依前項所為之同意，得隨時撤銷之。其撤銷之方式應以書面通知保險人及要保人。被保險人依前項規定行使其撤銷權者，視為要保人終止保險契約。"
什麼是他人死亡保約代訂之限制？,"第106條（他人死亡保約代訂之限制）由第三人訂立之人壽保險契約，其權利之移轉或出質，非經被保險人以書面承認者，不生效力。"
喪葬費用及死亡給付之效力內容？,"第107條（喪葬費用及死亡給付之效力）以未滿十五歲之未成年人為被保險人訂立之人壽保險契約，其死亡給付於被保險人滿十五歲之日起發生效力；被保險人滿十五歲前死亡者，保險人得加計利息退還所繳保險費，或返還投資型保險專設帳簿之帳戶價值。前項利息之計算，由主管機關另定之。訂立人壽保險契約時，以精神障礙或其他心智缺陷，致不能辨識其行為或欠缺依其辨識而行為之能力者為被保險人，除喪葬費用之給付外，其餘死亡給付部分無效。"
被保險人滿幾歲前死亡者，保險人得加計利息退還所繳保險費，或返還投資型保險專設帳簿之帳戶價值？,"第107條（喪葬費用及死亡給付之效力）以未滿十五歲之未成年人為被保險人訂立之人壽保險契約，其死亡給付於被保險人滿十五歲之日起發生效力；被保險人滿十五歲前死亡者，保險人得加計利息退還所繳保險費，或返還投資型保險專設帳簿之帳戶價值。前項利息之計算，由主管機關另定之。訂立人壽保險契約時，以精神障礙或其他心智缺陷，致不能辨識其行為或欠缺依其辨識而行為之能力者為被保險人，除喪葬費用之給付外，其餘死亡給付部分無效。"
以未滿十五歲之未成年人為被保險人訂立之人壽保險契約，其死亡給付於被保險人滿十五歲之日起發生效力；被保險人滿十五歲前死亡者，保險人得加計利息退還所繳保險費，或返還投資型保險專設帳簿之帳戶價值。前項利息之計算，由誰另定之？,"第107條（喪葬費用及死亡給付之效力）以未滿十五歲之未成年人為被保險人訂立之人壽保險契約，其死亡給付於被保險人滿十五歲之日起發生效力；被保險人滿十五歲前死亡者，保險人得加計利息退還所繳保險費，或返還投資型保險專設帳簿之帳戶價值。前項利息之計算，由主管機關另定之。訂立人壽保險契約時，以精神障礙或其他心智缺陷，致不能辨識其行為或欠缺依其辨識而行為之能力者為被保險人，除喪葬費用之給付外，其餘死亡給付部分無效。"
訂立人壽保險契約時，以精神障礙或其他心智缺陷，致不能辨識其行為或欠缺依其辨識而行為之能力者為被保險人，除什麼費用之給付外，其餘死亡給付部分無效？,"第107條（喪葬費用及死亡給付之效力）以未滿十五歲之未成年人為被保險人訂立之人壽保險契約，其死亡給付於被保險人滿十五歲之日起發生效力；被保險人滿十五歲前死亡者，保險人得加計利息退還所繳保險費，或返還投資型保險專設帳簿之帳戶價值。前項利息之計算，由主管機關另定之。訂立人壽保險契約時，以精神障礙或其他心智缺陷，致不能辨識其行為或欠缺依其辨識而行為之能力者為被保險人，除喪葬費用之給付外，其餘死亡給付部分無效。"
訂立人壽保險契約時，什麼情況下，除喪葬費用之給付外，其餘死亡給付部分無效？,"第107條（喪葬費用及死亡給付之效力）以未滿十五歲之未成年人為被保險人訂立之人壽保險契約，其死亡給付於被保險人滿十五歲之日起發生效力；被保險人滿十五歲前死亡者，保險人得加計利息退還所繳保險費，或返還投資型保險專設帳簿之帳戶價值。前項利息之計算，由主管機關另定之。訂立人壽保險契約時，以精神障礙或其他心智缺陷，致不能辨識其行為或欠缺依其辨識而行為之能力者為被保險人，除喪葬費用之給付外，其餘死亡給付部分無效。"
死因不明就不賠?,"壽險無論意外或疾病身故都要理賠，疾病已調查近半年無病歷，若是意外事故就一定要陪，因此保險公司僅能以自殺拒賠。保險公司不賠時按保險法148條規定，須由保險公司提出不賠理由。"
保戶投保後不久便不幸身故，如果檢察官開出死因不明的死亡證明書，能理賠嗎?,"壽險無論意外或疾病身故都要理賠，疾病已調查近半年無病歷，若是意外事故就一定要陪，因此保險公司僅能以自殺拒賠。保險公司不賠時按保險法148條規定，須由保險公司提出不賠理由。"
保險公司回覆因無法判斷死因而通知拒賠怎麼辦?,"壽險無論意外或疾病身故都要理賠，疾病已調查近半年無病歷，若是意外事故就一定要陪，因此保險公司僅能以自殺拒賠。保險公司不賠時按保險法148條規定，須由保險公司提出不賠理由。"
在保戶死因不明的情況下，保險公司會理賠嗎?,"壽險無論意外或疾病身故都要理賠，疾病已調查近半年無病歷，若是意外事故就一定要陪，因此保險公司僅能以自殺拒賠。保險公司不賠時按保險法148條規定，須由保險公司提出不賠理由。"
保險公司因保戶死因不明而拒賠，合理嗎?,"壽險無論意外或疾病身故都要理賠，疾病已調查近半年無病歷，若是意外事故就一定要陪，因此保險公司僅能以自殺拒賠。保險公司不賠時按保險法148條規定，須由保險公司提出不賠理由。"
因發炎而去做雷射割包皮手術有理賠嗎?,"醫療險須為必要的醫療行為才會理賠，請醫生開診斷書與收據，診斷書內容最好有必要之原因。健康檢查、療養、靜養、戒毒、戒酒、護理或養老之非以直接診治病人為目的者不理賠。"
為了做全身健檢而住院有理賠嗎?,"醫療險須為必要的醫療行為才會理賠，請醫生開診斷書與收據，診斷書內容最好有必要之原因。健康檢查、療養、靜養、戒毒、戒酒、護理或養老之非以直接診治病人為目的者不理賠。"
治療酒癮、毒癮有理賠嗎?,"醫療險須為必要的醫療行為才會理賠，請醫生開診斷書與收據，診斷書內容最好有必要之原因。健康檢查、療養、靜養、戒毒、戒酒、護理或養老之非以直接診治病人為目的者不理賠。"
住在醫院附設的護理之家，保險公司會理賠嗎?,"醫療險須為必要的醫療行為才會理賠，請醫生開診斷書與收據，診斷書內容最好有必要之原因。健康檢查、療養、靜養、戒毒、戒酒、護理或養老之非以直接診治病人為目的者不理賠。"
因為兔唇去整型有理賠嗎?,"美容手術、外科整型沒有理賠，但為重建其基本功能所作之必要整形，不在此限，整型手術理賠關鍵，在於是否由醫師專業判斷下須重建，而不是為了個人美醜觀感。外觀可見之天生畸形也不理賠，如兔唇等外觀可見的情況，雖說整型是有其必要，但同樣屬醫療險「除外責任」，是不予理賠的。"
因肥胖至醫院住院接受腹腔鏡部分胃切除手術有理賠嗎?,"美容手術、外科整型沒有理賠，但為重建其基本功能所作之必要整形，不在此限，整型手術理賠關鍵，在於是否由醫師專業判斷下須重建，而不是為了個人美醜觀感。外觀可見之天生畸形也不理賠，如兔唇等外觀可見的情況，雖說整型是有其必要，但同樣屬醫療險「除外責任」，是不予理賠的。"
因工作意外燙傷，除住院治療外，還進行植皮手術，出院後能向保險公司申請理賠嗎?,"美容手術、外科整型沒有理賠，但為重建其基本功能所作之必要整形，不在此限，整型手術理賠關鍵，在於是否由醫師專業判斷下須重建，而不是為了個人美醜觀感。外觀可見之天生畸形也不理賠，如兔唇等外觀可見的情況，雖說整型是有其必要，但同樣屬醫療險「除外責任」，是不予理賠的。"
割雙眼皮有理賠嗎?,"美容手術、外科整型沒有理賠，但為重建其基本功能所作之必要整形，不在此限，整型手術理賠關鍵，在於是否由醫師專業判斷下須重建，而不是為了個人美醜觀感。外觀可見之天生畸形也不理賠，如兔唇等外觀可見的情況，雖說整型是有其必要，但同樣屬醫療險「除外責任」，是不予理賠的。"
遭遇車禍，鼻子因而粉碎性骨折，得透過手術重建、整型，才能恢復基本功能，醫療險有理賠嗎?,"美容手術、外科整型沒有理賠，但為重建其基本功能所作之必要整形，不在此限，整型手術理賠關鍵，在於是否由醫師專業判斷下須重建，而不是為了個人美醜觀感。外觀可見之天生畸形也不理賠，如兔唇等外觀可見的情況，雖說整型是有其必要，但同樣屬醫療險「除外責任」，是不予理賠的。"
因車禍致使臉部留下疤痕，也因疤痕攣縮牽引臉部肌肉，致咀嚼功能無法正常運作，想進行整型手術，可以理賠嗎?,"美容手術、外科整型沒有理賠，但為重建其基本功能所作之必要整形，不在此限，整型手術理賠關鍵，在於是否由醫師專業判斷下須重建，而不是為了個人美醜觀感。外觀可見之天生畸形也不理賠，如兔唇等外觀可見的情況，雖說整型是有其必要，但同樣屬醫療險「除外責任」，是不予理賠的。"
隆乳有理賠嗎?,"美容手術、外科整型沒有理賠，但為重建其基本功能所作之必要整形，不在此限，整型手術理賠關鍵，在於是否由醫師專業判斷下須重建，而不是為了個人美醜觀感。外觀可見之天生畸形也不理賠，如兔唇等外觀可見的情況，雖說整型是有其必要，但同樣屬醫療險「除外責任」，是不予理賠的。"
需剖腹產，保險會陪嗎?,"剖腹產是否能賠，關鍵在於是否為必要的醫療行為，而條款中對於剖腹產可理賠的必要醫療行為，有八項約定，也就是說，若符合這八個條件之一時，剖腹產就可申請理賠。一、產程遲滯二、胎兒窘迫三、胎頭骨盆不對稱四、胎位不正五、多胞胎六、子宮頸未全開而有臍帶脫落時七、兩次(含)以上的死產八、分娩相關疾病"
可理賠剖腹產的情況?,"剖腹產是否能賠，關鍵在於是否為必要的醫療行為，而條款中對於剖腹產可理賠的必要醫療行為，有八項約定，也就是說，若符合這八個條件之一時，剖腹產就可申請理賠。一、產程遲滯二、胎兒窘迫三、胎頭骨盆不對稱四、胎位不正五、多胞胎六、子宮頸未全開而有臍帶脫落時七、兩次(含)以上的死產八、分娩相關疾病"
剖腹產在什麼情況下能理賠?,"剖腹產是否能賠，關鍵在於是否為必要的醫療行為，而條款中對於剖腹產可理賠的必要醫療行為，有八項約定，也就是說，若符合這八個條件之一時，剖腹產就可申請理賠。一、產程遲滯二、胎兒窘迫三、胎頭骨盆不對稱四、胎位不正五、多胞胎六、子宮頸未全開而有臍帶脫落時七、兩次(含)以上的死產八、分娩相關疾病"
因胎位不正進行剖腹產，有理賠嗎?,"剖腹產是否能賠，關鍵在於是否為必要的醫療行為，而條款中對於剖腹產可理賠的必要醫療行為，有八項約定，也就是說，若符合這八個條件之一時，剖腹產就可申請理賠。一、產程遲滯二、胎兒窘迫三、胎頭骨盆不對稱四、胎位不正五、多胞胎六、子宮頸未全開而有臍帶脫落時七、兩次(含)以上的死產八、分娩相關疾病"
生下多胞胎，剖腹產有理賠嗎?,"剖腹產是否能賠，關鍵在於是否為必要的醫療行為，而條款中對於剖腹產可理賠的必要醫療行為，有八項約定，也就是說，若符合這八個條件之一時，剖腹產就可申請理賠。一、產程遲滯二、胎兒窘迫三、胎頭骨盆不對稱四、胎位不正五、多胞胎六、子宮頸未全開而有臍帶脫落時七、兩次(含)以上的死產八、分娩相關疾病"
挑日子剖腹產能理賠嗎?,"剖腹產是否能賠，關鍵在於是否為必要的醫療行為，而條款中對於剖腹產可理賠的必要醫療行為，有八項約定，也就是說，若符合這八個條件之一時，剖腹產就可申請理賠。一、產程遲滯二、胎兒窘迫三、胎頭骨盆不對稱四、胎位不正五、多胞胎六、子宮頸未全開而有臍帶脫落時七、兩次(含)以上的死產八、分娩相關疾病"
保險公司可以要求保戶簽同意書不再賠相同手術嗎?,依據住院醫療費用保險單示範條款(實支實付型)第七條約定:「被保險人所接受的手術，若不在附表『手術名稱及費用表』所載項目內時，由本公司與被保險人協議比照該表內程度相當的手術項目給付比率，核算給付金額」。保險公司辦理前述手術協議給付，如有違反公平原則要求保戶簽立同意未來施行相同手術不再給付之同意書，則恐涉有免除或減輕保險人依保險法應負義務之顯失公平情事，依保險法第54條之1規定，保險公司仍應依約定承擔給付義務。
相同手術能重複理賠嗎?,依據住院醫療費用保險單示範條款(實支實付型)第七條約定:「被保險人所接受的手術，若不在附表『手術名稱及費用表』所載項目內時，由本公司與被保險人協議比照該表內程度相當的手術項目給付比率，核算給付金額」。保險公司辦理前述手術協議給付，如有違反公平原則要求保戶簽立同意未來施行相同手術不再給付之同意書，則恐涉有免除或減輕保險人依保險法應負義務之顯失公平情事，依保險法第54條之1規定，保險公司仍應依約定承擔給付義務。
保險公司說做相同手術不能再次理賠，是真的嗎?,依據住院醫療費用保險單示範條款(實支實付型)第七條約定:「被保險人所接受的手術，若不在附表『手術名稱及費用表』所載項目內時，由本公司與被保險人協議比照該表內程度相當的手術項目給付比率，核算給付金額」。保險公司辦理前述手術協議給付，如有違反公平原則要求保戶簽立同意未來施行相同手術不再給付之同意書，則恐涉有免除或減輕保險人依保險法應負義務之顯失公平情事，依保險法第54條之1規定，保險公司仍應依約定承擔給付義務。
保險公司不再賠相同手術是否合理?,依據住院醫療費用保險單示範條款(實支實付型)第七條約定:「被保險人所接受的手術，若不在附表『手術名稱及費用表』所載項目內時，由本公司與被保險人協議比照該表內程度相當的手術項目給付比率，核算給付金額」。保險公司辦理前述手術協議給付，如有違反公平原則要求保戶簽立同意未來施行相同手術不再給付之同意書，則恐涉有免除或減輕保險人依保險法應負義務之顯失公平情事，依保險法第54條之1規定，保險公司仍應依約定承擔給付義務。
骨折至國術館就醫是否能申請保險理賠?,"對於傷害醫療保險給付，保戶因意外事故所致的傷害，大部分保險公司的保單條款都規定為:若欲申請保險，必須至登記合格的醫院或診所治療才能獲得給付。國術館或所謂的整復所，都不是醫療機構，他們的負責人也都不具醫療人員資格，所以在國術館或整復所所花的費用，許多保險公司並不理賠。"
在國術館所花的費用能理賠嗎?,"對於傷害醫療保險給付，保戶因意外事故所致的傷害，大部分保險公司的保單條款都規定為:若欲申請保險，必須至登記合格的醫院或診所治療才能獲得給付。國術館或所謂的整復所，都不是醫療機構，他們的負責人也都不具醫療人員資格，所以在國術館或整復所所花的費用，許多保險公司並不理賠。"
到國術館就醫能理賠嗎?,"對於傷害醫療保險給付，保戶因意外事故所致的傷害，大部分保險公司的保單條款都規定為:若欲申請保險，必須至登記合格的醫院或診所治療才能獲得給付。國術館或所謂的整復所，都不是醫療機構，他們的負責人也都不具醫療人員資格，所以在國術館或整復所所花的費用，許多保險公司並不理賠。"
在整復所的醫療費用有理賠嗎?,"對於傷害醫療保險給付，保戶因意外事故所致的傷害，大部分保險公司的保單條款都規定為:若欲申請保險，必須至登記合格的醫院或診所治療才能獲得給付。國術館或所謂的整復所，都不是醫療機構，他們的負責人也都不具醫療人員資格，所以在國術館或整復所所花的費用，許多保險公司並不理賠。"
為什麼到國術館或整復所不能申請理賠?,"對於傷害醫療保險給付，保戶因意外事故所致的傷害，大部分保險公司的保單條款都規定為:若欲申請保險，必須至登記合格的醫院或診所治療才能獲得給付。國術館或所謂的整復所，都不是醫療機構，他們的負責人也都不具醫療人員資格，所以在國術館或整復所所花的費用，許多保險公司並不理賠。"
到中醫診所就醫，是否可申請理賠？,"被保險人如果發生意外傷害受傷，自意外傷害事故發生之日起一百八十日以內，只要是經登記合格的醫院或診所治療者，保險公司就其實際醫療費用，超過全民健康保險給付部分，給付傷害醫療保險金。可以檢附醫院開立了醫療費用單據申請，但傷害的給付總額不得超過保險單所記載的「每次實支實付傷害醫療保險金限額」。"
中醫能申請理賠嗎?,"被保險人如果發生意外傷害受傷，自意外傷害事故發生之日起一百八十日以內，只要是經登記合格的醫院或診所治療者，保險公司就其實際醫療費用，超過全民健康保險給付部分，給付傷害醫療保險金。可以檢附醫院開立了醫療費用單據申請，但傷害的給付總額不得超過保險單所記載的「每次實支實付傷害醫療保險金限額」。"
如果發生意外受傷，到中醫診所就診有理賠嗎?,"被保險人如果發生意外傷害受傷，自意外傷害事故發生之日起一百八十日以內，只要是經登記合格的醫院或診所治療者，保險公司就其實際醫療費用，超過全民健康保險給付部分，給付傷害醫療保險金。可以檢附醫院開立了醫療費用單據申請，但傷害的給付總額不得超過保險單所記載的「每次實支實付傷害醫療保險金限額」。"
中醫有在理賠範圍內嗎?,"被保險人如果發生意外傷害受傷，自意外傷害事故發生之日起一百八十日以內，只要是經登記合格的醫院或診所治療者，保險公司就其實際醫療費用，超過全民健康保險給付部分，給付傷害醫療保險金。可以檢附醫院開立了醫療費用單據申請，但傷害的給付總額不得超過保險單所記載的「每次實支實付傷害醫療保險金限額」。"
中醫院有開『水煎藥和推拿治療的費用』是否能申請理賠？,有關「中醫診所開立的--自費膏藥或搭配之水煎藥等費用」，此大多為自費療養的行為，此並非健康保險給付核定科目，如為『合格中醫診所開立的醫療單據，且為必要性的醫療行為』，經保險公司理賠單位「查證確實為實際醫療所需」，保險公司依據條款約定賠付。至於『中醫推拿』的部分，衛生署已明文規定此為『民俗療法』此並非『醫療行為』，所以不在理賠給付範圍內。
推拿有理賠嗎?,有關「中醫診所開立的--自費膏藥或搭配之水煎藥等費用」，此大多為自費療養的行為，此並非健康保險給付核定科目，如為『合格中醫診所開立的醫療單據，且為必要性的醫療行為』，經保險公司理賠單位「查證確實為實際醫療所需」，保險公司依據條款約定賠付。至於『中醫推拿』的部分，衛生署已明文規定此為『民俗療法』此並非『醫療行為』，所以不在理賠給付範圍內。
中醫開的自費水藥能理賠嗎?,有關「中醫診所開立的--自費膏藥或搭配之水煎藥等費用」，此大多為自費療養的行為，此並非健康保險給付核定科目，如為『合格中醫診所開立的醫療單據，且為必要性的醫療行為』，經保險公司理賠單位「查證確實為實際醫療所需」，保險公司依據條款約定賠付。至於『中醫推拿』的部分，衛生署已明文規定此為『民俗療法』此並非『醫療行為』，所以不在理賠給付範圍內。
針灸可以申請實支實付的理賠嗎？,"這裡的實支實付險是指意外險的實支實付附約，由於意外而導致的就醫行為，只要有醫院所開的收據，超過全民健保給付的部分，就可以申請意外險的實支實付理賠。而針灸是健保認定的治療項目之一，所以針灸的醫療行為是可以申請理賠的，但是若是要申請「意外險的理賠」，就必須要符合意外的三項定義：外來、突發、非疾病，而不是只要有針灸的醫療的行為就可以申請。"
因為肌肉疲勞去中醫診所針灸有理賠嗎?,"這裡的實支實付險是指意外險的實支實付附約，由於意外而導致的就醫行為，只要有醫院所開的收據，超過全民健保給付的部分，就可以申請意外險的實支實付理賠。而針灸是健保認定的治療項目之一，所以針灸的醫療行為是可以申請理賠的，但是若是要申請「意外險的理賠」，就必須要符合意外的三項定義：外來、突發、非疾病，而不是只要有針灸的醫療的行為就可以申請。"
下樓梯扭到膝蓋，去看中醫針灸能理賠嗎?,"這裡的實支實付險是指意外險的實支實付附約，由於意外而導致的就醫行為，只要有醫院所開的收據，超過全民健保給付的部分，就可以申請意外險的實支實付理賠。而針灸是健保認定的治療項目之一，所以針灸的醫療行為是可以申請理賠的，但是若是要申請「意外險的理賠」，就必須要符合意外的三項定義：外來、突發、非疾病，而不是只要有針灸的醫療的行為就可以申請。"
針灸有在理賠範圍嗎?,"這裡的實支實付險是指意外險的實支實付附約，由於意外而導致的就醫行為，只要有醫院所開的收據，超過全民健保給付的部分，就可以申請意外險的實支實付理賠。而針灸是健保認定的治療項目之一，所以針灸的醫療行為是可以申請理賠的，但是若是要申請「意外險的理賠」，就必須要符合意外的三項定義：外來、突發、非疾病，而不是只要有針灸的醫療的行為就可以申請。"
請問如果要開刀，選擇達文西機械手臂開肺部楔狀手術要自費24萬，以實支實付的雜費能否負擔?,達文西機械手臂的費用一般歸類在醫療技術費上唷!屬於實支實付的「雜費範圍」。
達文西手術能理賠嗎?,達文西機械手臂的費用一般歸類在醫療技術費上唷!屬於實支實付的「雜費範圍」。
達文西機械手臂是手術費嗎?,達文西機械手臂的費用一般歸類在醫療技術費上唷!屬於實支實付的「雜費範圍」。
懷孕有理賠嗎?,在醫療險的除外責任中，「懷孕、流產或分娩及其併發症」被列為不理賠的除外責任
不小心流產能理賠嗎?,在醫療險的除外責任中，「懷孕、流產或分娩及其併發症」被列為不理賠的除外責任
自然產有理賠嗎?,在醫療險的除外責任中，「懷孕、流產或分娩及其併發症」被列為不理賠的除外責任
為什麼流產不能理賠?,在醫療險的除外責任中，「懷孕、流產或分娩及其併發症」被列為不理賠的除外責任
在哪些情況下，懷孕可獲得理賠?,"「懷孕、流產或分娩及其併發症」被列為不理賠的除外責任，但若是會危及到孕婦的性命，或者是有礙優生學之遺傳性疾病，醫生就會勸其接受治療，因此，這些情況不在除外責任的限制之內，醫療險是可以理賠的。懷孕時，若發生以下狀況，則很有可能危及孕婦性命，因此，其相關治療是屬於必要性醫療：一、子宮外孕二、葡萄胎三、前置胎盤四、胎盤早期剝離五、產後大出血六、子癲前症七、子癇症八、萎縮性胚胎九、胎兒染色體異常之手術經過醫師檢查、判斷，其胎兒可能會因為遺傳等問題，不利於其生、心理健康，因此可藉由醫療行為，進行人工流產。"
在哪些情況下，流產可以申請理賠?,"「懷孕、流產或分娩及其併發症」被列為不理賠的除外責任，但若是會危及到孕婦的性命，或者是有礙優生學之遺傳性疾病，醫生就會勸其接受治療，因此，這些情況不在除外責任的限制之內，醫療險是可以理賠的。懷孕時，若發生以下狀況，則很有可能危及孕婦性命，因此，其相關治療是屬於必要性醫療：一、子宮外孕二、葡萄胎三、前置胎盤四、胎盤早期剝離五、產後大出血六、子癲前症七、子癇症八、萎縮性胚胎九、胎兒染色體異常之手術經過醫師檢查、判斷，其胎兒可能會因為遺傳等問題，不利於其生、心理健康，因此可藉由醫療行為，進行人工流產。"
經由超音波診斷，發現胎兒有水腦症等現象，後來人工流產，能理賠嗎?,"「懷孕、流產或分娩及其併發症」被列為不理賠的除外責任，但若是會危及到孕婦的性命，或者是有礙優生學之遺傳性疾病，醫生就會勸其接受治療，因此，這些情況不在除外責任的限制之內，醫療險是可以理賠的。懷孕時，若發生以下狀況，則很有可能危及孕婦性命，因此，其相關治療是屬於必要性醫療：一、子宮外孕二、葡萄胎三、前置胎盤四、胎盤早期剝離五、產後大出血六、子癲前症七、子癇症八、萎縮性胚胎九、胎兒染色體異常之手術經過醫師檢查、判斷，其胎兒可能會因為遺傳等問題，不利於其生、心理健康，因此可藉由醫療行為，進行人工流產。"
患有德國麻疹的孕婦，可能會影響胎兒正常發育，醫生建議流產，能理賠嗎?,"「懷孕、流產或分娩及其併發症」被列為不理賠的除外責任，但若是會危及到孕婦的性命，或者是有礙優生學之遺傳性疾病，醫生就會勸其接受治療，因此，這些情況不在除外責任的限制之內，醫療險是可以理賠的。懷孕時，若發生以下狀況，則很有可能危及孕婦性命，因此，其相關治療是屬於必要性醫療：一、子宮外孕二、葡萄胎三、前置胎盤四、胎盤早期剝離五、產後大出血六、子癲前症七、子癇症八、萎縮性胚胎九、胎兒染色體異常之手術經過醫師檢查、判斷，其胎兒可能會因為遺傳等問題，不利於其生、心理健康，因此可藉由醫療行為，進行人工流產。"
雖然懷孕和流產被列為不理賠的除外責任，但有例外嗎?,"「懷孕、流產或分娩及其併發症」被列為不理賠的除外責任，但若是會危及到孕婦的性命，或者是有礙優生學之遺傳性疾病，醫生就會勸其接受治療，因此，這些情況不在除外責任的限制之內，醫療險是可以理賠的。懷孕時，若發生以下狀況，則很有可能危及孕婦性命，因此，其相關治療是屬於必要性醫療：一、子宮外孕二、葡萄胎三、前置胎盤四、胎盤早期剝離五、產後大出血六、子癲前症七、子癇症八、萎縮性胚胎九、胎兒染色體異常之手術經過醫師檢查、判斷，其胎兒可能會因為遺傳等問題，不利於其生、心理健康，因此可藉由醫療行為，進行人工流產。"
試管嬰兒有理賠嗎?,「不孕症治療、人工受孕，非以治療為目的的避孕及絕育手術」被列為醫療險不理賠的除外責任。
不孕症治療花費有理賠嗎?,「不孕症治療、人工受孕，非以治療為目的的避孕及絕育手術」被列為醫療險不理賠的除外責任。
想要永久避孕，故以外科手術結紮能理賠嗎?,「不孕症治療、人工受孕，非以治療為目的的避孕及絕育手術」被列為醫療險不理賠的除外責任。
人工受孕有理賠嗎?,「不孕症治療、人工受孕，非以治療為目的的避孕及絕育手術」被列為醫療險不理賠的除外責任。
結紮有理賠嗎?,「不孕症治療、人工受孕，非以治療為目的的避孕及絕育手術」被列為醫療險不理賠的除外責任。
因糖尿病截肢，裝設義肢，醫療險有理賠嗎?,"裝設義齒、義肢、義眼、眼鏡、助聽器或其它附屬品屬於醫療險的除外責任。但因遭受意外傷害事故所致者，不在此限，且其裝設以一次為限。"
車禍時同時撞斷了三顆門牙，除了病歷有記載外，出院時診斷書也請醫院載明，請問之後牙科門診的假牙費用，保險公司是否理賠？,"裝設義齒、義肢、義眼、眼鏡、助聽器或其它附屬品屬於醫療險的除外責任。但因遭受意外傷害事故所致者，不在此限，且其裝設以一次為限。"
助聽器有理賠嗎?,"裝設義齒、義肢、義眼、眼鏡、助聽器或其它附屬品屬於醫療險的除外責任。但因遭受意外傷害事故所致者，不在此限，且其裝設以一次為限。"
因意外導致視力衰減，必須戴眼鏡，醫療險有理賠嗎?,"裝設義齒、義肢、義眼、眼鏡、助聽器或其它附屬品屬於醫療險的除外責任。但因遭受意外傷害事故所致者，不在此限，且其裝設以一次為限。"
義眼有理賠嗎?,"裝設義齒、義肢、義眼、眼鏡、助聽器或其它附屬品屬於醫療險的除外責任。但因遭受意外傷害事故所致者，不在此限，且其裝設以一次為限。"
拿美工刀割腕自殺，送醫急救後住院有理賠嗎?,意外險中被保人故意行為如:如酒駕、自殺、吸毒和從事高危險活動、犯罪、戰爭等皆為不理賠的除外責任。
行竊時不小心被狗咬傷而送醫住院，意外險會理賠嗎?,意外險中被保人故意行為如:如酒駕、自殺、吸毒和從事高危險活動、犯罪、戰爭等皆為不理賠的除外責任。
吸毒過量，以致身體無法負荷，入院急救有理賠嗎?,意外險中被保人故意行為如:如酒駕、自殺、吸毒和從事高危險活動、犯罪、戰爭等皆為不理賠的除外責任。
酒駕出車禍，意外險有理賠嗎?,意外險中被保人故意行為如:如酒駕、自殺、吸毒和從事高危險活動、犯罪、戰爭等皆為不理賠的除外責任。
參加特技表演出意外有理賠嗎?,意外險中被保人故意行為如:如酒駕、自殺、吸毒和從事高危險活動、犯罪、戰爭等皆為不理賠的除外責任。
意外險有哪些除外責任?,意外險中被保人故意行為如:如酒駕、自殺、吸毒和從事高危險活動、犯罪、戰爭等皆為不理賠的除外責任。
意外險在什麼情況下不理賠?,意外險中被保人故意行為如:如酒駕、自殺、吸毒和從事高危險活動、犯罪、戰爭等皆為不理賠的除外責任。
壽險在什麼樣的狀況下，身故不會理賠呢？,"壽險的身故及全殘，並不限於意外或疾病等原因，通常只要符合身故或全殘之狀態，即會理賠。但其中要注意的是，壽險有所謂的除外責任，以及受益權之喪失。以下幾種情形導致身故，保險公司是可以不予理賠：一、要保人故意致被保人於死二、被保人故意自殘或兩年內故意自殺三、被保人因犯罪處死或拒捕或越獄致死或殘廢@壽險的受益權之喪失根據保險法第121條，當受益人故意使被保人身故或雖未致死時，會失去其受益權。"
壽險有哪些除外責任?,"壽險的身故及全殘，並不限於意外或疾病等原因，通常只要符合身故或全殘之狀態，即會理賠。但其中要注意的是，壽險有所謂的除外責任，以及受益權之喪失。以下幾種情形導致身故，保險公司是可以不予理賠：一、要保人故意致被保人於死二、被保人故意自殘或兩年內故意自殺三、被保人因犯罪處死或拒捕或越獄致死或殘廢@壽險的受益權之喪失根據保險法第121條，當受益人故意使被保人身故或雖未致死時，會失去其受益權。"
小明為要保人，幫父親阿明伯投保三百萬壽險，小明為了自身債務而動手弒父，小明能拿到壽險理賠嗎?,"壽險的身故及全殘，並不限於意外或疾病等原因，通常只要符合身故或全殘之狀態，即會理賠。但其中要注意的是，壽險有所謂的除外責任，以及受益權之喪失。以下幾種情形導致身故，保險公司是可以不予理賠：一、要保人故意致被保人於死二、被保人故意自殘或兩年內故意自殺三、被保人因犯罪處死或拒捕或越獄致死或殘廢@壽險的受益權之喪失根據保險法第121條，當受益人故意使被保人身故或雖未致死時，會失去其受益權。"
被保人被判死刑壽險有理賠嗎?,"壽險的身故及全殘，並不限於意外或疾病等原因，通常只要符合身故或全殘之狀態，即會理賠。但其中要注意的是，壽險有所謂的除外責任，以及受益權之喪失。以下幾種情形導致身故，保險公司是可以不予理賠：一、要保人故意致被保人於死二、被保人故意自殘或兩年內故意自殺三、被保人因犯罪處死或拒捕或越獄致死或殘廢@壽險的受益權之喪失根據保險法第121條，當受益人故意使被保人身故或雖未致死時，會失去其受益權。"
壽險在因為逮捕時抵抗、越獄等犯罪行為，過程中不小心死亡或是造成全殘的情形下會理賠嗎?,"壽險的身故及全殘，並不限於意外或疾病等原因，通常只要符合身故或全殘之狀態，即會理賠。但其中要注意的是，壽險有所謂的除外責任，以及受益權之喪失。以下幾種情形導致身故，保險公司是可以不予理賠：一、要保人故意致被保人於死二、被保人故意自殘或兩年內故意自殺三、被保人因犯罪處死或拒捕或越獄致死或殘廢@壽險的受益權之喪失根據保險法第121條，當受益人故意使被保人身故或雖未致死時，會失去其受益權。"
阿明伯為要被保人，投保三百萬壽險，其受益人為妻子及兒子小明，小明為了債務弒父能拿到壽險理賠嗎?,"壽險的身故及全殘，並不限於意外或疾病等原因，通常只要符合身故或全殘之狀態，即會理賠。但其中要注意的是，壽險有所謂的除外責任，以及受益權之喪失。以下幾種情形導致身故，保險公司是可以不予理賠：一、要保人故意致被保人於死二、被保人故意自殘或兩年內故意自殺三、被保人因犯罪處死或拒捕或越獄致死或殘廢@壽險的受益權之喪失根據保險法第121條，當受益人故意使被保人身故或雖未致死時，會失去其受益權。"
保戶在醫院檢查後發現右側腎臟慢性腎衰竭，請問是否可申請重大疾病險的理賠？,一般所謂的尿毒症或所謂的慢性腎衰竭，都是指二顆腎臟完全失去功能而言。所以如果只有一顆腎臟慢性衰竭，並不符合重大疾病險所謂『慢性腎衰竭：係指兩個腎臟慢性且不可復原的衰竭而必須接受定期透析治療者』的定義。另外，重大疾病險中所定義的「重大器官移植手術：係指接受心臟、肺臟、肝臟、胰臟、腎臟或骨髓移植者。」，指的是重大器官的移入，而非移出。
保戶因親人尿毒症而住院手術摘除一顆腎臟捐給親人，是否可申請重大疾病險的器官移植保險金的理賠？,一般所謂的尿毒症或所謂的慢性腎衰竭，都是指二顆腎臟完全失去功能而言。所以如果只有一顆腎臟慢性衰竭，並不符合重大疾病險所謂『慢性腎衰竭：係指兩個腎臟慢性且不可復原的衰竭而必須接受定期透析治療者』的定義。另外，重大疾病險中所定義的「重大器官移植手術：係指接受心臟、肺臟、肝臟、胰臟、腎臟或骨髓移植者。」，指的是重大器官的移入，而非移出。
器官捐贈可以申請理賠嗎?,一般所謂的尿毒症或所謂的慢性腎衰竭，都是指二顆腎臟完全失去功能而言。所以如果只有一顆腎臟慢性衰竭，並不符合重大疾病險所謂『慢性腎衰竭：係指兩個腎臟慢性且不可復原的衰竭而必須接受定期透析治療者』的定義。另外，重大疾病險中所定義的「重大器官移植手術：係指接受心臟、肺臟、肝臟、胰臟、腎臟或骨髓移植者。」，指的是重大器官的移入，而非移出。
重大疾病險和重大傷病險有什麼不同?,"重大疾病險和重大傷病險差別在於給付的內容不一樣。重大疾病險給付範圍僅７項，分別為重大器官移植、冠狀動脈繞道手術、心肌梗塞、中風、慢性腎衰竭(尿毒症)、癌症、癱瘓。重大傷病險是只要符合健保所定義的重大傷病範圍，憑重大傷病卡即可向保險公司申請理賠，而這範圍有將近４００項。而不是所有的重大疾病和特定傷病都包含在重大傷病(健保)，像心肌梗塞就不包含在重大傷病(健保)中。"
重大疾病險和重大傷病險是一樣的嗎?,"重大疾病險和重大傷病險差別在於給付的內容不一樣。重大疾病險給付範圍僅７項，分別為重大器官移植、冠狀動脈繞道手術、心肌梗塞、中風、慢性腎衰竭(尿毒症)、癌症、癱瘓。重大傷病險是只要符合健保所定義的重大傷病範圍，憑重大傷病卡即可向保險公司申請理賠，而這範圍有將近４００項。而不是所有的重大疾病和特定傷病都包含在重大傷病(健保)，像心肌梗塞就不包含在重大傷病(健保)中。"
請問重大傷病險有包刮重大疾病險的所有疾病嗎？,"重大疾病險和重大傷病險差別在於給付的內容不一樣。重大疾病險給付範圍僅７項，分別為重大器官移植、冠狀動脈繞道手術、心肌梗塞、中風、慢性腎衰竭(尿毒症)、癌症、癱瘓。重大傷病險是只要符合健保所定義的重大傷病範圍，憑重大傷病卡即可向保險公司申請理賠，而這範圍有將近４００項。而不是所有的重大疾病和特定傷病都包含在重大傷病(健保)，像心肌梗塞就不包含在重大傷病(健保)中。"
重大疾病險給付範圍?,"重大疾病險和重大傷病險差別在於給付的內容不一樣。重大疾病險給付範圍僅７項，分別為重大器官移植、冠狀動脈繞道手術、心肌梗塞、中風、慢性腎衰竭(尿毒症)、癌症、癱瘓。重大傷病險是只要符合健保所定義的重大傷病範圍，憑重大傷病卡即可向保險公司申請理賠，而這範圍有將近４００項。而不是所有的重大疾病和特定傷病都包含在重大傷病(健保)，像心肌梗塞就不包含在重大傷病(健保)中。"
重大傷病險給付範圍?,"重大疾病險和重大傷病險差別在於給付的內容不一樣。重大疾病險給付範圍僅７項，分別為重大器官移植、冠狀動脈繞道手術、心肌梗塞、中風、慢性腎衰竭(尿毒症)、癌症、癱瘓。重大傷病險是只要符合健保所定義的重大傷病範圍，憑重大傷病卡即可向保險公司申請理賠，而這範圍有將近４００項。而不是所有的重大疾病和特定傷病都包含在重大傷病(健保)，像心肌梗塞就不包含在重大傷病(健保)中。"
重大疾病險有包括在重大傷病險裡嗎?,"重大疾病險和重大傷病險差別在於給付的內容不一樣。重大疾病險給付範圍僅７項，分別為重大器官移植、冠狀動脈繞道手術、心肌梗塞、中風、慢性腎衰竭(尿毒症)、癌症、癱瘓。重大傷病險是只要符合健保所定義的重大傷病範圍，憑重大傷病卡即可向保險公司申請理賠，而這範圍有將近４００項。而不是所有的重大疾病和特定傷病都包含在重大傷病(健保)，像心肌梗塞就不包含在重大傷病(健保)中。"
旅平險的作用?,"「旅遊險」分成「旅遊平安險(旅平險)」及「旅遊不便險(不便險)」，有些朋友說「旅平險」時，其實他想表達的是「旅平險+不便險」。「旅遊平安險(旅平險)」以保障個人身體、健康安全為主，在突發意外或是身體突然發生疾病時，可獲得補償理賠、以減輕醫療負擔。一般刷卡附贈的旅平險保障範圍是「搭乘公共運輸工具期間」，下了飛機就沒有保障了，換句話說，在國外當地旅行途中發生的狀況是沒有保障的。而且個人保單的醫療險、意外險是針對台灣的「醫療費用水準」設計，歐美等先進國家醫療費用極高，若不幸在海外就醫，高額的醫療費用恐成為自己或家人負擔。加購「旅平險」可短暫(於海外旅遊期間)提高個人醫療相關保障，避免高額的醫療費用負擔。「旅遊不便險(不便險)」以保障旅遊行程為主，舉凡：行李失竊、行李遺失、行李延誤、班機延誤、轉降非原定機場、劫機、食物中毒、旅行文件重置等意外事件發生時，可獲得理賠保障、以減少旅遊損失。"
「旅平險」指的是「旅遊平安險」還是「旅遊不便險」?,"「旅遊險」分成「旅遊平安險(旅平險)」及「旅遊不便險(不便險)」，有些朋友說「旅平險」時，其實他想表達的是「旅平險+不便險」。「旅遊平安險(旅平險)」以保障個人身體、健康安全為主，在突發意外或是身體突然發生疾病時，可獲得補償理賠、以減輕醫療負擔。一般刷卡附贈的旅平險保障範圍是「搭乘公共運輸工具期間」，下了飛機就沒有保障了，換句話說，在國外當地旅行途中發生的狀況是沒有保障的。而且個人保單的醫療險、意外險是針對台灣的「醫療費用水準」設計，歐美等先進國家醫療費用極高，若不幸在海外就醫，高額的醫療費用恐成為自己或家人負擔。加購「旅平險」可短暫(於海外旅遊期間)提高個人醫療相關保障，避免高額的醫療費用負擔。「旅遊不便險(不便險)」以保障旅遊行程為主，舉凡：行李失竊、行李遺失、行李延誤、班機延誤、轉降非原定機場、劫機、食物中毒、旅行文件重置等意外事件發生時，可獲得理賠保障、以減少旅遊損失。"
旅遊平安險和旅遊不便險有何差異?,"「旅遊險」分成「旅遊平安險(旅平險)」及「旅遊不便險(不便險)」，有些朋友說「旅平險」時，其實他想表達的是「旅平險+不便險」。「旅遊平安險(旅平險)」以保障個人身體、健康安全為主，在突發意外或是身體突然發生疾病時，可獲得補償理賠、以減輕醫療負擔。一般刷卡附贈的旅平險保障範圍是「搭乘公共運輸工具期間」，下了飛機就沒有保障了，換句話說，在國外當地旅行途中發生的狀況是沒有保障的。而且個人保單的醫療險、意外險是針對台灣的「醫療費用水準」設計，歐美等先進國家醫療費用極高，若不幸在海外就醫，高額的醫療費用恐成為自己或家人負擔。加購「旅平險」可短暫(於海外旅遊期間)提高個人醫療相關保障，避免高額的醫療費用負擔。「旅遊不便險(不便險)」以保障旅遊行程為主，舉凡：行李失竊、行李遺失、行李延誤、班機延誤、轉降非原定機場、劫機、食物中毒、旅行文件重置等意外事件發生時，可獲得理賠保障、以減少旅遊損失。"
旅遊平安險通常保障項目有哪些?,"「旅遊險」分成「旅遊平安險(旅平險)」及「旅遊不便險(不便險)」，有些朋友說「旅平險」時，其實他想表達的是「旅平險+不便險」。「旅遊平安險(旅平險)」以保障個人身體、健康安全為主，在突發意外或是身體突然發生疾病時，可獲得補償理賠、以減輕醫療負擔。一般刷卡附贈的旅平險保障範圍是「搭乘公共運輸工具期間」，下了飛機就沒有保障了，換句話說，在國外當地旅行途中發生的狀況是沒有保障的。而且個人保單的醫療險、意外險是針對台灣的「醫療費用水準」設計，歐美等先進國家醫療費用極高，若不幸在海外就醫，高額的醫療費用恐成為自己或家人負擔。加購「旅平險」可短暫(於海外旅遊期間)提高個人醫療相關保障，避免高額的醫療費用負擔。「旅遊不便險(不便險)」以保障旅遊行程為主，舉凡：行李失竊、行李遺失、行李延誤、班機延誤、轉降非原定機場、劫機、食物中毒、旅行文件重置等意外事件發生時，可獲得理賠保障、以減少旅遊損失。"
旅遊不便險通常保障項目有哪些?,"「旅遊險」分成「旅遊平安險(旅平險)」及「旅遊不便險(不便險)」，有些朋友說「旅平險」時，其實他想表達的是「旅平險+不便險」。「旅遊平安險(旅平險)」以保障個人身體、健康安全為主，在突發意外或是身體突然發生疾病時，可獲得補償理賠、以減輕醫療負擔。一般刷卡附贈的旅平險保障範圍是「搭乘公共運輸工具期間」，下了飛機就沒有保障了，換句話說，在國外當地旅行途中發生的狀況是沒有保障的。而且個人保單的醫療險、意外險是針對台灣的「醫療費用水準」設計，歐美等先進國家醫療費用極高，若不幸在海外就醫，高額的醫療費用恐成為自己或家人負擔。加購「旅平險」可短暫(於海外旅遊期間)提高個人醫療相關保障，避免高額的醫療費用負擔。「旅遊不便險(不便險)」以保障旅遊行程為主，舉凡：行李失竊、行李遺失、行李延誤、班機延誤、轉降非原定機場、劫機、食物中毒、旅行文件重置等意外事件發生時，可獲得理賠保障、以減少旅遊損失。"
為何要加購「旅平險」?,"「旅遊險」分成「旅遊平安險(旅平險)」及「旅遊不便險(不便險)」，有些朋友說「旅平險」時，其實他想表達的是「旅平險+不便險」。「旅遊平安險(旅平險)」以保障個人身體、健康安全為主，在突發意外或是身體突然發生疾病時，可獲得補償理賠、以減輕醫療負擔。一般刷卡附贈的旅平險保障範圍是「搭乘公共運輸工具期間」，下了飛機就沒有保障了，換句話說，在國外當地旅行途中發生的狀況是沒有保障的。而且個人保單的醫療險、意外險是針對台灣的「醫療費用水準」設計，歐美等先進國家醫療費用極高，若不幸在海外就醫，高額的醫療費用恐成為自己或家人負擔。加購「旅平險」可短暫(於海外旅遊期間)提高個人醫療相關保障，避免高額的醫療費用負擔。「旅遊不便險(不便險)」以保障旅遊行程為主，舉凡：行李失竊、行李遺失、行李延誤、班機延誤、轉降非原定機場、劫機、食物中毒、旅行文件重置等意外事件發生時，可獲得理賠保障、以減少旅遊損失。"
個人保單已經包含醫療險、意外險，還要加購「旅平險」?,"「旅遊險」分成「旅遊平安險(旅平險)」及「旅遊不便險(不便險)」，有些朋友說「旅平險」時，其實他想表達的是「旅平險+不便險」。「旅遊平安險(旅平險)」以保障個人身體、健康安全為主，在突發意外或是身體突然發生疾病時，可獲得補償理賠、以減輕醫療負擔。一般刷卡附贈的旅平險保障範圍是「搭乘公共運輸工具期間」，下了飛機就沒有保障了，換句話說，在國外當地旅行途中發生的狀況是沒有保障的。而且個人保單的醫療險、意外險是針對台灣的「醫療費用水準」設計，歐美等先進國家醫療費用極高，若不幸在海外就醫，高額的醫療費用恐成為自己或家人負擔。加購「旅平險」可短暫(於海外旅遊期間)提高個人醫療相關保障，避免高額的醫療費用負擔。「旅遊不便險(不便險)」以保障旅遊行程為主，舉凡：行李失竊、行李遺失、行李延誤、班機延誤、轉降非原定機場、劫機、食物中毒、旅行文件重置等意外事件發生時，可獲得理賠保障、以減少旅遊損失。"
長照險與殘扶險有什麼不同?,"殘扶險理賠認定方式：殘廢等級表1~11級殘廢(11級79項)，理賠標準較明確，保障範圍較廣，認殘後終身有效長照險理賠認定方式：1.巴氏量表:飲食、穿衣、起居、行動、沐浴、如廁，六項有三項皆不能自己為之。2.認知功能障礙:無法辨別時間、地點、人物，三項有兩項符合。理賠標準較嚴格，保障範圍較窄，長照狀態消滅則停止給付長照險是專門針對老年人，因為「失能」或「失智」而需要長照服務，以及相關費用支出時所設計的保單。至於殘扶險設計的主要目的，並不是主為長照目的推的保單，而是針對負擔家中財務重擔的中、壯年，為了怕因為殘廢、失去了工作及賺錢能力而設計。因為兩者的目的本就不同，兩者間並不存在「相互替代」或「只要買某一張保單就好」的過於簡化的結論。"
長照險理賠認定方式?,"殘扶險理賠認定方式：殘廢等級表1~11級殘廢(11級79項)，理賠標準較明確，保障範圍較廣，認殘後終身有效長照險理賠認定方式：1.巴氏量表:飲食、穿衣、起居、行動、沐浴、如廁，六項有三項皆不能自己為之。2.認知功能障礙:無法辨別時間、地點、人物，三項有兩項符合。理賠標準較嚴格，保障範圍較窄，長照狀態消滅則停止給付長照險是專門針對老年人，因為「失能」或「失智」而需要長照服務，以及相關費用支出時所設計的保單。至於殘扶險設計的主要目的，並不是主為長照目的推的保單，而是針對負擔家中財務重擔的中、壯年，為了怕因為殘廢、失去了工作及賺錢能力而設計。因為兩者的目的本就不同，兩者間並不存在「相互替代」或「只要買某一張保單就好」的過於簡化的結論。"
殘扶險理賠認定方式?,"殘扶險理賠認定方式：殘廢等級表1~11級殘廢(11級79項)，理賠標準較明確，保障範圍較廣，認殘後終身有效長照險理賠認定方式：1.巴氏量表:飲食、穿衣、起居、行動、沐浴、如廁，六項有三項皆不能自己為之。2.認知功能障礙:無法辨別時間、地點、人物，三項有兩項符合。理賠標準較嚴格，保障範圍較窄，長照狀態消滅則停止給付長照險是專門針對老年人，因為「失能」或「失智」而需要長照服務，以及相關費用支出時所設計的保單。至於殘扶險設計的主要目的，並不是主為長照目的推的保單，而是針對負擔家中財務重擔的中、壯年，為了怕因為殘廢、失去了工作及賺錢能力而設計。因為兩者的目的本就不同，兩者間並不存在「相互替代」或「只要買某一張保單就好」的過於簡化的結論。"
殘扶險能代替長照險嗎?,"殘扶險理賠認定方式：殘廢等級表1~11級殘廢(11級79項)，理賠標準較明確，保障範圍較廣，認殘後終身有效長照險理賠認定方式：1.巴氏量表:飲食、穿衣、起居、行動、沐浴、如廁，六項有三項皆不能自己為之。2.認知功能障礙:無法辨別時間、地點、人物，三項有兩項符合。理賠標準較嚴格，保障範圍較窄，長照狀態消滅則停止給付長照險是專門針對老年人，因為「失能」或「失智」而需要長照服務，以及相關費用支出時所設計的保單。至於殘扶險設計的主要目的，並不是主為長照目的推的保單，而是針對負擔家中財務重擔的中、壯年，為了怕因為殘廢、失去了工作及賺錢能力而設計。因為兩者的目的本就不同，兩者間並不存在「相互替代」或「只要買某一張保單就好」的過於簡化的結論。"
如果失智，殘扶險和長照險哪個較有保障?,"殘扶險理賠認定方式：殘廢等級表1~11級殘廢(11級79項)，理賠標準較明確，保障範圍較廣，認殘後終身有效長照險理賠認定方式：1.巴氏量表:飲食、穿衣、起居、行動、沐浴、如廁，六項有三項皆不能自己為之。2.認知功能障礙:無法辨別時間、地點、人物，三項有兩項符合。理賠標準較嚴格，保障範圍較窄，長照狀態消滅則停止給付長照險是專門針對老年人，因為「失能」或「失智」而需要長照服務，以及相關費用支出時所設計的保單。至於殘扶險設計的主要目的，並不是主為長照目的推的保單，而是針對負擔家中財務重擔的中、壯年，為了怕因為殘廢、失去了工作及賺錢能力而設計。因為兩者的目的本就不同，兩者間並不存在「相互替代」或「只要買某一張保單就好」的過於簡化的結論。"
只要保殘扶險、長照險兩者其中之一就行了嗎?,"殘扶險理賠認定方式：殘廢等級表1~11級殘廢(11級79項)，理賠標準較明確，保障範圍較廣，認殘後終身有效長照險理賠認定方式：1.巴氏量表:飲食、穿衣、起居、行動、沐浴、如廁，六項有三項皆不能自己為之。2.認知功能障礙:無法辨別時間、地點、人物，三項有兩項符合。理賠標準較嚴格，保障範圍較窄，長照狀態消滅則停止給付長照險是專門針對老年人，因為「失能」或「失智」而需要長照服務，以及相關費用支出時所設計的保單。至於殘扶險設計的主要目的，並不是主為長照目的推的保單，而是針對負擔家中財務重擔的中、壯年，為了怕因為殘廢、失去了工作及賺錢能力而設計。因為兩者的目的本就不同，兩者間並不存在「相互替代」或「只要買某一張保單就好」的過於簡化的結論。"
長照險是什麼?,"殘扶險理賠認定方式：殘廢等級表1~11級殘廢(11級79項)，理賠標準較明確，保障範圍較廣，認殘後終身有效長照險理賠認定方式：1.巴氏量表:飲食、穿衣、起居、行動、沐浴、如廁，六項有三項皆不能自己為之。2.認知功能障礙:無法辨別時間、地點、人物，三項有兩項符合。理賠標準較嚴格，保障範圍較窄，長照狀態消滅則停止給付長照險是專門針對老年人，因為「失能」或「失智」而需要長照服務，以及相關費用支出時所設計的保單。至於殘扶險設計的主要目的，並不是主為長照目的推的保單，而是針對負擔家中財務重擔的中、壯年，為了怕因為殘廢、失去了工作及賺錢能力而設計。因為兩者的目的本就不同，兩者間並不存在「相互替代」或「只要買某一張保單就好」的過於簡化的結論。"
殘扶險是什麼?,"殘扶險理賠認定方式：殘廢等級表1~11級殘廢(11級79項)，理賠標準較明確，保障範圍較廣，認殘後終身有效長照險理賠認定方式：1.巴氏量表:飲食、穿衣、起居、行動、沐浴、如廁，六項有三項皆不能自己為之。2.認知功能障礙:無法辨別時間、地點、人物，三項有兩項符合。理賠標準較嚴格，保障範圍較窄，長照狀態消滅則停止給付長照險是專門針對老年人，因為「失能」或「失智」而需要長照服務，以及相關費用支出時所設計的保單。至於殘扶險設計的主要目的，並不是主為長照目的推的保單，而是針對負擔家中財務重擔的中、壯年，為了怕因為殘廢、失去了工作及賺錢能力而設計。因為兩者的目的本就不同，兩者間並不存在「相互替代」或「只要買某一張保單就好」的過於簡化的結論。"
